#include <Wire.h>
#include <WiFi.h>
#include <WiFiClientSecure.h>
#include <HTTPClient.h>
#include <ArduinoJson.h>
#include <ESP32-HUB75-MatrixPanel-I2S-DMA.h>
#include <Fonts/Org_01.h>
#include "freertos/FreeRTOS.h"
#include "freertos/task.h"
#include "secrets.h"

// ========== PANEL CONFIG ==========
#define PANEL_RES_X 64
#define PANEL_RES_Y 32
#define PANEL_CHAIN 1

#define R1_PIN 25
#define G1_PIN 26
#define B1_PIN 33
#define R2_PIN 14
#define G2_PIN 27
#define B2_PIN 12

#define A_PIN 4
#define B_PIN 5
#define C_PIN 19
#define D_PIN 21
#define E_PIN 32

#define LAT_PIN 13
#define OE_PIN 7
#define CLK_PIN 15

MatrixPanel_I2S_DMA* dma_display = nullptr;

#include "cloud_control.h"

// ========== CONFIGURATION ==========
// Berkeley-IoT: password is per-device (MAC) at https://wifi-keys.berkeley.edu
// After you reset the key there, update password below to match.
const char* ssid = WIFI_SSID;
const char* password = WIFI_PASSWORD;
const float MY_LAT = 37.6435018;
const float MY_LON = -122.365018;

const int MIN_ALTITUDE = 1000;
// Larger radius finds more airborne commercials near SFO; API responses
// are stream-filtered so size is OK for ESP32 heap.
const int SEARCH_RADIUS = 15;
const int ADSB_API_RADIUS_CAP = 25;

#define METRIC_HOLD_MS 4000
#define NUM_METRICS 3

// ========== COLORS ==========
#define COL_BLACK 0x0000
#define COL_WHITE 0xFFFF
uint16_t COL_ORANGE;
uint16_t COL_YELLOW;

// ========== COMMERCIAL FILTER ==========
const char* COMMERCIAL_PREFIXES[] = {
  "UAL",
  "DAL",
  "AAL",
  "SWA",
  "ASA",
  "JBU",
  "NKS",
  "HAL",
  "VRD",
  "FFT",
  "SKW",
  "RPA",
  "OPT",
  "AWI",
  "ENY",
  "PDT",
  "CPZ",
  "FLG",
  "SCI",
  "QXE",
  "ASH",
  "BTA",
  "TCF",
  "KAP",
  "GJS",
  "EDV",
  "AGS",
  "CHQ",
  "LOF",
  "FDX",
  "UPS",
  "DHL",
  "ABX",
  "GTI",
  "ATN",
  "CLX",
  "PAC",
  "NCB",
  "CSQ",
  "ANZ",
  "QFA",
  "SIA",
  "CPA",
  "ANA",
  "JAL",
  "KAL",
  "AAR",
  "CSN",
  "CCA",
  "AFR",
  "BAW",
  "KLM",
  "DLH",
  "AZA",
  "IBE",
  "TAM",
  "AVA",
  "LAN",
  "EIN",
  "AER",
  "THY",
  "MEA",
  "ETD",
  "SVA",
  "QTR",
  "MAS",
  "THA",
  "VIR",
  "EWG",
  "AIC",
  "UAE",
  "ETH",
  "KQA",
  "MSR",
  "RAM",
  "TAP",
  "IBS",
  "VLG",
  "BEL",
  "SAS",
  "FIN",
  "NOZ",
  "WZZ",
  "RYR",
  "EZY",
  "TOM",
  "TCX",
  "MTI",
  "AA",
  "UA",
  "DL",
  "WN",
  "AS",
  "B6",
  "NK",
  "HA",
  "VX",
  "F9",
  "LH",
  "BA",
  "AF",
  "KL",
  "IB",
  "TK",
  "EK",
  "QR",
  "SQ",
  "CX",
  "NH",
  "JL",
  "KE",
  "OZ",
  "CA",
  "MU",
  "CZ",
  "AI",
  "TG",
  "MH",
  "EY",
  "MS",
  "ET",
  "RJ",
  "ME",
  "SV",
  "QF",
  "NZ",
  "VS",
  "EI",
  "FX",
  "5X",
  "QX",
  "YV",
};
const int NUM_COMMERCIAL = sizeof(COMMERCIAL_PREFIXES) / sizeof(COMMERCIAL_PREFIXES[0]);

const char* BLOCKED_TYPES[] = {
  "C25A",
  "C25B",
  "C25C",
  "C510",
  "C525",
  "C550",
  "C560",
  "C56X",
  "C680",
  "C700",
  "C750",
  "CL30",
  "CL35",
  "CL60",
  "GL5T",
  "GL7T",
  "GLEX",
  "G150",
  "G200",
  "G280",
  "G350",
  "G450",
  "G500",
  "G550",
  "G600",
  "G650",
  "H25A",
  "H25B",
  "H25C",
  "FA10",
  "FA20",
  "FA50",
  "FA7X",
  "FA8X",
  "E35L",
  "E45X",
  "E55P",
  "PC12",
  "TBM7",
  "TBM8",
  "TBM9",
  "BE20",
  "BE40",
  "BE9L",
  "LJ35",
  "LJ40",
  "LJ45",
  "LJ55",
  "LJ60",
  "LJ75",
  "MU2",
  "PRM1",
  "SBR1",
  "SBR2",
  "PC24",
  "SF50",
  "EC35",
  "EC45",
  "H500",
  "R44",
  "R66",
  "AS32",
  "S76",
  "S92",
  "A139",
  "AW13",
  "AW16",
  "B06",
  "B06T",
  "H60",
  "UH60",
  "EC20",
  "C172",
  "C182",
  "C208",
  "PA28",
  "PA32",
  "PA44",
  "SR20",
  "SR22",
  "DA40",
  "DA42",
  "BE36",
  "BE58",
  "C402",
  "C414",
  "C421",
  "P28A",
  "P28B",
  "P28R",
  "P32R",
  "C152",
  "C162",
  "C177",
  "C205",
  "C206",
};
const int NUM_BLOCKED = sizeof(BLOCKED_TYPES) / sizeof(BLOCKED_TYPES[0]);

bool isCommercialCallsign(const char* callsign) {
  for (int i = 0; i < NUM_COMMERCIAL; i++) {
    int len = strlen(COMMERCIAL_PREFIXES[i]);
    if (strncmp(callsign, COMMERCIAL_PREFIXES[i], len) == 0 && isdigit(callsign[len])) {
      return true;
    }
  }
  return false;
}

bool isBlockedType(const char* acType) {
  for (int i = 0; i < NUM_BLOCKED; i++) {
    if (strcmp(acType, BLOCKED_TYPES[i]) == 0) return true;
  }
  return false;
}

// ========== UNITED (20x20) ==========
static const uint16_t PROGMEM logo_united[] = {
  0x10BA, 0x10BA, 0x10BA, 0x10BA, 0x10BA, 0x10BA, 0x10BA, 0x10BA, 0x10BA, 0x10BA, 0x10BA, 0x10BA, 0x10BA, 0x10BA, 0x10BA, 0x10BA, 0x10BA, 0x10BA, 0x10BA, 0x10BA,
  0x10BA, 0x10BA, 0x10BA, 0x10BA, 0x10BA, 0x10BA, 0x10BA, 0x10BA, 0x10BA, 0x10BA, 0x10BA, 0x10BA, 0x10BA, 0x10BA, 0x10BA, 0x10BA, 0x10BA, 0x10BA, 0x10BA, 0x10BA,
  0x10BA, 0x10BA, 0x10BA, 0x10BA, 0x10BA, 0x10BA, 0x10BA, 0x10BA, 0x10BA, 0x10BA, 0x10BA, 0x10BA, 0x10BA, 0x10BA, 0x10BA, 0x10BA, 0x10BA, 0x10BA, 0x10BA, 0x10BA,
  0x10BA, 0xFFFF, 0xFFFF, 0xFFFF, 0xFFFF, 0xFFFF, 0xFFFF, 0x10BA, 0x10BA, 0x10BA, 0x10BA, 0x10BA, 0x10BA, 0x10BA, 0x10BA, 0x10BA, 0x10BA, 0x10BA, 0x10BA, 0x10BA,
  0x10BA, 0x10BA, 0x10BA, 0x4A5B, 0xFFFF, 0xFFFF, 0x10BA, 0xFFFF, 0x10BA, 0xFFFF, 0x10BA, 0x10BA, 0x10BA, 0x10BA, 0x10BA, 0x10BA, 0x10BA, 0x10BA, 0x10BA, 0x10BA,
  0x10BA, 0xFFFF, 0x10BA, 0x10BA, 0xFFFF, 0xFFFF, 0xFFFF, 0xF79F, 0xFFFF, 0x18DA, 0x10BA, 0xFFFF, 0x10BA, 0x10BA, 0x10BA, 0x10BA, 0x10BA, 0x10BA, 0x10BA, 0x10BA,
  0x10BA, 0xFFFF, 0xFFFF, 0x10BA, 0x31BB, 0x10BA, 0x10BA, 0x10BA, 0x10BA, 0x10BA, 0xFFFF, 0xFFFF, 0xFFFF, 0x10BA, 0x10BA, 0x10BA, 0x10BA, 0x10BA, 0x10BA, 0x10BA,
  0x10BA, 0xFFFF, 0xFFFF, 0xFFFF, 0xFFFF, 0x10BA, 0xFFFF, 0xFFFF, 0xFFFF, 0x10BA, 0xFFFF, 0x10BA, 0x10BA, 0x10BA, 0xFFFF, 0x10BA, 0x10BA, 0x10BA, 0x10BA, 0x10BA,
  0x10BA, 0xFFFF, 0x10BA, 0x10BA, 0x10BA, 0xFFFF, 0x10BA, 0x10BA, 0x10BA, 0x10BA, 0xFFFF, 0xFFFF, 0xFFFF, 0xFFFF, 0x10BA, 0xFFFF, 0x10BA, 0x10BA, 0x10BA, 0x10BA,
  0x10BA, 0x10BA, 0x10BA, 0x10BA, 0xFFFF, 0xFFFF, 0xFFFF, 0xE71F, 0x10BA, 0x10BA, 0x10BA, 0x10BA, 0xFFFF, 0xFFFF, 0xFFFF, 0x10BA, 0xFFFF, 0x10BA, 0x10BA, 0x10BA,
  0x10BA, 0xFFFF, 0x10BA, 0x10BA, 0x10BA, 0x10BA, 0xFFFF, 0xFFFF, 0xFFFF, 0xC61E, 0x10BA, 0x10BA, 0x10BA, 0xFFFF, 0xFFFF, 0xFFFF, 0x10BA, 0x10BA, 0x10BA, 0x10BA,
  0x10BA, 0xFFFF, 0x10BA, 0xFFFF, 0x10BA, 0x10BA, 0x10BA, 0x10BA, 0xFFFF, 0xFFFF, 0xFFFF, 0x10BA, 0xFFFF, 0x10BA, 0x10BA, 0xFFFF, 0xFFFF, 0x10BA, 0x10BA, 0x10BA,
  0x10BA, 0x10BA, 0xFFFF, 0xFFFF, 0xFFFF, 0x10BA, 0x10BA, 0x10BA, 0x10BA, 0xFFFF, 0xFFFF, 0x10BA, 0xFFFF, 0x10BA, 0x10BA, 0xFFFF, 0x10BA, 0x10BA, 0x10BA, 0x10BA,
  0x10BA, 0xFFFF, 0x10BA, 0xFFFF, 0xFFFF, 0xFFFF, 0x10BA, 0xFFFF, 0x10BA, 0x10BA, 0x10BA, 0x10BA, 0xFFFF, 0xFFFF, 0x10BA, 0x10BA, 0x10BA, 0x10BA, 0x10BA, 0x10BA,
  0x10BA, 0xFFFF, 0x10BA, 0x10BA, 0x10BA, 0x18FA, 0x10BA, 0xFFFF, 0xFFFF, 0x10BA, 0x10BA, 0x10BA, 0xFFFF, 0xFFFF, 0xFFFF, 0x10BA, 0x10BA, 0x10BA, 0xFFFF, 0x10BA,
  0x10BA, 0xFFFF, 0xFFFF, 0x10BA, 0x10BA, 0x10BA, 0xFFFF, 0xFFFF, 0xFFFF, 0xFFFF, 0xEF7F, 0x10BA, 0x10BA, 0x10BA, 0x73BC, 0xFFFF, 0xFFFF, 0x10BA, 0xFFFF, 0x10BA,
  0x10BA, 0xFFFF, 0xFFFF, 0xFFFF, 0x10BA, 0xA51D, 0xF7BF, 0x10BA, 0xFFFF, 0xFFFF, 0x10BA, 0xFFFF, 0x10BA, 0x10BA, 0x10BA, 0xFFFF, 0xFFFF, 0x10BA, 0xFFFF, 0x10BA,
  0x10BA, 0x10BA, 0xFFFF, 0x10BA, 0xFFFF, 0xAD5D, 0x10BA, 0x10BA, 0x10BA, 0x10BA, 0xFFFF, 0xFFFF, 0xFFFF, 0x10BA, 0x10BA, 0x10BA, 0xFFFF, 0xFFFF, 0xFFFF, 0x10BA,
  0x10BA, 0x10BA, 0xFFFF, 0xFFFF, 0xFFFF, 0xFFFF, 0x10BA, 0xFFFF, 0x10BA, 0x10BA, 0xFFFF, 0xFFFF, 0x10BA, 0x10BA, 0xFFFF, 0xFFFF, 0xFFFF, 0xFFFF, 0xFFFF, 0xFFFF,
  0x10BA, 0x10BA, 0xFFFF, 0x10BA, 0xFFFF, 0x10BA, 0xFFFF, 0xFFFF, 0x10BA, 0x10BA, 0x10BA, 0xFFFF, 0x10BA, 0x10BA, 0x10BA, 0x10BA, 0x10BA, 0xFFFF, 0xFFFF, 0x10BA
};

// ========== DELTA (20x16) ==========
static const uint16_t PROGMEM logo_delta[] = {
  0xFFFF, 0xFFFF, 0xFFFF, 0xFFFF, 0xFFFF, 0xFFFF, 0xFFFF, 0xFFFF, 0xFFFF, 0xFFFF, 0xE4F6, 0xFFFF, 0xFFFF, 0xFFFF, 0xFFFF, 0xFFFF, 0xFFFF, 0xFFFF, 0xFFFF, 0xFFFF,
  0xFFFF, 0xFFFF, 0xFFFF, 0xFFFF, 0xFFFF, 0xFFFF, 0xFFFF, 0xFFFF, 0xFFFF, 0xE8C6, 0x9805, 0xFFFF, 0xFFFF, 0xFFFF, 0xFFFF, 0xFFFF, 0xFFFF, 0xFFFF, 0xFFFF, 0xFFFF,
  0xFFFF, 0xFFFF, 0xFFFF, 0xFFFF, 0xFFFF, 0xFFFF, 0xFFFF, 0xFFFF, 0xFEDC, 0xE0C6, 0x9806, 0x9805, 0xFFFF, 0xFFFF, 0xFFFF, 0xFFFF, 0xFFFF, 0xFFFF, 0xFFFF, 0xFFFF,
  0xFFFF, 0xFFFF, 0xFFFF, 0xFFFF, 0xFFFF, 0xFFFF, 0xFFFF, 0xFFFF, 0xE0C6, 0xE0C6, 0x9805, 0x9805, 0xFF9F, 0xFFFF, 0xFFFF, 0xFFFF, 0xFFFF, 0xFFFF, 0xFFFF, 0xFFFF,
  0xFFFF, 0xFFFF, 0xFFFF, 0xFFFF, 0xFFFF, 0xFFFF, 0xFFFF, 0xE0C7, 0xE0C6, 0xE0C6, 0x9805, 0x9805, 0x9806, 0xFFFF, 0xFFFF, 0xFFFF, 0xFFFF, 0xFFFF, 0xFFFF, 0xFFFF,
  0xFFFF, 0xFFFF, 0xFFFF, 0xFFFF, 0xFFFF, 0xFFFF, 0xF7BE, 0xE0C6, 0xE0C6, 0xE0C6, 0x9806, 0x9805, 0x9805, 0x9826, 0xFFFF, 0xFFFF, 0xFFFF, 0xFFFF, 0xFFFF, 0xFFFF,
  0xFFFF, 0xFFFF, 0xFFFF, 0xFFFF, 0xFFFF, 0xFFFF, 0xE0C6, 0xE0C6, 0xE0C6, 0xE0C6, 0x9805, 0x9805, 0x9805, 0x9805, 0xFFFF, 0xFFFF, 0xFFFF, 0xFFFF, 0xFFFF, 0xFFFF,
  0xFFFF, 0xFFFF, 0xFFFF, 0xFFFF, 0xFFFF, 0xF109, 0xE0C7, 0xE0C6, 0xE0C6, 0xE0C6, 0x9806, 0x9805, 0x9805, 0x9805, 0x9005, 0xFFFF, 0xFFFF, 0xFFFF, 0xFFFF, 0xFFFF,
  0xFFFF, 0xFFFF, 0xFFFF, 0xFFFF, 0xFFDF, 0xE0C6, 0xE0C6, 0xE0C6, 0xE0C6, 0xE0C6, 0x9805, 0x9805, 0x9805, 0x9805, 0x9805, 0x9826, 0xFFFF, 0xFFFF, 0xFFFF, 0xFFFF,
  0xFFFF, 0xFFFF, 0xFFFF, 0xFFFF, 0xE0C7, 0xE0C6, 0xE0C6, 0xE0C6, 0xE0C6, 0xE0C6, 0x9806, 0x9805, 0x9805, 0x9805, 0x9805, 0x9805, 0xFFDF, 0xFFFF, 0xFFFF, 0xFFFF,
  0xFFFF, 0xFFFF, 0xFFFF, 0xD0E9, 0xE0C6, 0xE0C6, 0xE0C6, 0xE0C6, 0xFE9A, 0xFFFF, 0xFFFF, 0xF7FF, 0x9805, 0x9805, 0x9805, 0x9805, 0x9805, 0xFFFF, 0xFFFF, 0xFFFF,
  0xFFFF, 0xFFFF, 0xFFFF, 0xE0C7, 0xE0C6, 0xE0C6, 0xFF9E, 0xFFFF, 0xFFFF, 0xFFFF, 0xFFFF, 0xFFFF, 0xFFFF, 0xFFFF, 0x9806, 0x9805, 0x9805, 0x88A7, 0xFFFF, 0xFFFF,
  0xFFFF, 0xFFFF, 0xE0C7, 0xE0C6, 0xFFFF, 0xFFFF, 0xFFFF, 0xFFDF, 0xE0C7, 0xE0C6, 0x9805, 0x9805, 0xFF7E, 0xFFFF, 0xFFFF, 0xFFFF, 0x9805, 0x9806, 0xFFFF, 0xFFFF,
  0xFFFF, 0xB9EB, 0xFFFE, 0xFFFF, 0xFFFF, 0xFF1D, 0xE0C7, 0xE0C6, 0xE0C6, 0xE0C6, 0x9806, 0x9805, 0x9805, 0x9805, 0x8846, 0xFFFF, 0xFFFF, 0xFFDF, 0x9806, 0xFFFF,
  0xFFFF, 0xFFFF, 0xFFFF, 0xE0E8, 0xE0C7, 0xE0C6, 0xE0A6, 0xE0C6, 0xE0C6, 0xE0C6, 0x9806, 0x9805, 0x9805, 0x9805, 0x9805, 0x9806, 0x9026, 0xFFFF, 0xFFFF, 0xFFFF,
  0xFFFF, 0xE0A7, 0xE0C6, 0xE0C6, 0xE0C6, 0xE0C6, 0xE0C6, 0xE0C6, 0xE0C6, 0xE0C6, 0x9005, 0x9005, 0x9005, 0x9005, 0x9005, 0x9005, 0x9005, 0x9005, 0x9005, 0xFF7E
};

// ========== AMERICAN (20x20) ==========
static const uint16_t PROGMEM logo_american[] = {0x0000,0x0000,0x0000,0x0000,0x0000,0x0000,0x0000,0x0000,0x0000,0x0000,0x0000,0x0000,0x0000,0x0000,0x0000,0x0000,0x0000,0x0000,0x0000,0x0000,0x0000,0x0000,0x0000,0x0000,0x0000,0x0000,0x0000,0x0000,0x0000,0x0000,0x0000,0x0000,0x0000,0x0000,0x0000,0x0000,0x0000,0x0000,0x0000,0x0000,0x0000,0x0000,0x0000,0x0000,0x0000,0x0000,0x0000,0x0000,0x0000,0x0000,0x0000,0x0000,0x0000,0x0000,0x0000,0x0000,0x0000,0x0000,0x0000,0x0000,0x0000,0x0000,0x0000,0x0000,0x0000,0x0000,0x0000,0x0000,0x0000,0x0000,0x0000,0x0000,0x0000,0x0000,0x0000,0x0000,0x0000,0x0000,0x0000,0x0000,0x0000,0x0000,0x0000,0x0000,0x06FF,0x06FF,0x06FF,0x0000,0x0000,0x0000,0x0000,0x0000,0x0000,0x0000,0x0000,0x0000,0x0000,0x0000,0x0000,0x0000,0x0000,0x0000,0x0000,0x0000,0x0000,0x05DF,0x05DF,0x05DF,0x0000,0x0000,0x0000,0x0000,0x0000,0x0000,0x0000,0x0000,0x0000,0x0000,0x0000,0x0000,0x0000,0x0000,0x0000,0x0000,0x0000,0x0000,0x045F,0x045F,0x045F,0x0000,0x0000,0x0000,0x0000,0x0000,0x0000,0x0000,0x0000,0x0000,0x0000,0x0000,0x0000,0x0000,0x0000,0x0000,0x0000,0x0000,0x02BD,0x02BD,0x02BD,0x02BD,0x0000,0x0000,0x0000,0x0000,0x0000,0x0000,0x0000,0x0000,0x0000,0x0000,0x0000,0x0000,0x0000,0x0000,0x0000,0x0000,0x0000,0x0095,0x0095,0x0095,0x019C,0x0000,0x0000,0x0000,0x0000,0x0000,0x0000,0x0000,0x0000,0x0000,0x0000,0x0000,0x0000,0x0000,0x0000,0x0000,0x0000,0x0000,0x0000,0xFFFF,0xFFFF,0xFFFF,0xD7BF,0x0000,0x0000,0x0000,0x0000,0x0000,0x0000,0x0000,0x0000,0x0000,0x0000,0x0000,0x0000,0x0000,0x0000,0x0000,0xFFFF,0xFFFF,0xFFFF,0xFFFF,0xFFFF,0x0000,0x0000,0x0000,0x0000,0x0000,0x0000,0x0000,0x0000,0x0000,0x0000,0x0000,0x0000,0x0000,0x0000,0x0000,0x0000,0xFFFF,0xA000,0xE000,0xF800,0x0000,0x0000,0x0000,0x0000,0x0000,0x0000,0x0000,0x0000,0x0000,0x0000,0x0000,0x0000,0x0000,0x0000,0x0000,0x0000,0xFFFF,0xF800,0xF800,0xF800,0xF800,0x0000,0x0000,0x0000,0x0000,0x0000,0x0000,0x0000,0x0000,0x0000,0x0000,0x0000,0x0000,0x0000,0x0000,0x0000,0x0000,0xF800,0xF800,0xF800,0xF800,0xF800,0x0000,0x0000,0x0000,0x0000,0x0000,0x0000,0x0000,0x0000,0x0000,0x0000,0x0000,0x0000,0x0000,0x0000,0x0000,0xF800,0xF800,0xF800,0xF800,0xF800,0x0000,0x0000,0x0000,0x0000,0x0000,0x0000,0x0000,0x0000,0x0000,0x0000,0x0000,0x0000,0x0000,0x0000,0x0000,0x0000,0xF800,0xF800,0xF800,0xF800,0xF800,0x0000,0x0000,0x0000,0x0000,0x0000,0x0000,0x0000,0x0000,0x0000,0x0000,0x0000,0x0000,0x0000,0x0000,0x0000,0x0000,0xD000,0xD000,0xD000,0xD000,0xD000,0x0000,0x0000,0x0000,0x0000,0x0000,0x0000,0x0000,0x0000,0x0000,0x0000,0x0000,0x0000,0x0000,0x0000,0x0000,0x0000,0x0000,0x0000,0x0000,0x0000,0x0000,0x0000,0x0000,0x0000,0x0000,0x0000,0x0000,0x0000,0x0000,0x0000,0x0000,0x0000,0x0000,0x0000,0x0000,0x0000,0x0000,0x0000,0x0000,0x0000,0x0000,0x0000,0x0000,0x0000,0x0000,0x0000,0x0000,0x0000,0x0000,0x0000,0x0000,0x0000,0x0000,0x0000,0x0000,0x0000,0x0000,0x0000,0x0000,0x0000,0x0000,0x0000,0x0000};


// ========== SOUTHWEST (19x18) ==========
static const uint16_t PROGMEM logo_southwest[] = { 0x0000, 0x0000, 0xF7BF, 0xF7BF, 0xF8A3, 0xF8A3, 0xF8A3, 0xF7BF, 0xF7BF, 0x0000, 0xF79E, 0xF79E, 0xFDA0, 0xFDA0, 0xFDA0, 0xE73C, 0xE73C, 0x0000, 0x0000, 0x0000, 0xF7BF, 0xF8A3, 0xF8A3, 0xF8A3, 0xF8A3, 0xF8A3, 0xF8A3, 0xF8A3, 0xF7BF, 0xF7BF, 0xFDA0, 0xFDA0, 0xFDA0, 0xFD80, 0xFD60, 0xFD40, 0xE73C, 0x0000, 0xEF7E, 0xF8A3, 0xF8A3, 0xF8A3, 0xF8A3, 0xF8A3, 0xF8A3, 0xF8A3, 0xF8A3, 0xF8A3, 0xF8A3, 0xF7BF, 0xFDA0, 0xFD40, 0xFDA0, 0xFD40, 0xFD40, 0xFD20, 0xE73C, 0xF7BE, 0xF8A3, 0xF8A3, 0xF8A3, 0xF8A3, 0xF8A3, 0xF8A3, 0xF8A3, 0xF8A3, 0xF8A3, 0xF8A3, 0xF083, 0xF083, 0xF79E, 0xFD60, 0xFD40, 0xFD20, 0xFD20, 0xE73C, 0xEF7E, 0xF8A3, 0xF8A3, 0xF8A3, 0xF8A3, 0xF8A3, 0xF8A3, 0xF8A3, 0xF8A3, 0xF8A3, 0xF8A3, 0xF083, 0xF083, 0xE882, 0xF7BF, 0xFD20, 0xFD20, 0xFD20, 0xF7BF, 0xF7BF, 0x1A99, 0xF7BF, 0xF8A3, 0xF8A3, 0xF8A3, 0xF8A3, 0xF8A3, 0xF8A3, 0xF8A3, 0xF083, 0xF083, 0xE862, 0xF083, 0xE882, 0xF7BE, 0xF79E, 0xFD20, 0xF7BF, 0xF7BF, 0x1A99, 0x1277, 0xEF7D, 0xF8A3, 0xF8A3, 0xF8A3, 0xF8A3, 0xF8A3, 0xF8A3, 0xF083, 0xF083, 0xF083, 0xE883, 0xE062, 0xE062, 0xE062, 0xF79E, 0xF7BF, 0xEF7D, 0x1A99, 0x1298, 0x1277, 0xEF7D, 0xF7BE, 0xF8A3, 0xF8A3, 0xF8A3, 0xF883, 0xF083, 0xF083, 0xE882, 0xE862, 0xE062, 0xE062, 0xE062, 0xE062, 0xF79E, 0xE73C, 0x1A99, 0x1A98, 0x1277, 0x1256, 0xF79E, 0xF7BF, 0xF883, 0xF083, 0xF083, 0xF083, 0xE862, 0xE062, 0xE062, 0xE062, 0xE062, 0xE062, 0xE062, 0xEF9E, 0xF7BF, 0x1A99, 0x1277, 0x1277, 0x1256, 0x1256, 0x1255, 0xF7BF, 0xF883, 0xF083, 0xF083, 0xF083, 0xE062, 0xE062, 0xE062, 0xE062, 0xE062, 0xE062, 0xF7BF, 0x0000, 0xE73C, 0x1298, 0x1277, 0x1256, 0x1256, 0x1213, 0x1213, 0xF7BF, 0xF7BF, 0xE882, 0xE062, 0xE062, 0xE062, 0xE062, 0xE062, 0xE062, 0xF7BF, 0x0000, 0x0000, 0x0000, 0xE73C, 0x1298, 0x1256, 0x1256, 0x1213, 0x1213, 0x11F2, 0xF7BF, 0xF7BF, 0xE062, 0xE062, 0xE062, 0xE062, 0xE062, 0xF7BF, 0x0000, 0x0000, 0x0000, 0x0000, 0x0000, 0xFFFF, 0x1256, 0x1256, 0x1213, 0x1213, 0x1213, 0x11D0, 0xF7BF, 0xF7BF, 0xE062, 0xE062, 0xE062, 0xFE78, 0x0000, 0x0000, 0x0000, 0x0000, 0x0000, 0x0000, 0x0000, 0xFFFF, 0x1256, 0x1234, 0x1213, 0x11D1, 0x11D0, 0x11D0, 0x11D0, 0xF7BF, 0xE904, 0xFE79, 0x0000, 0x0000, 0x0000, 0x0000, 0x0000, 0x0000, 0x0000, 0x0000, 0x0000, 0xFFFF, 0x1235, 0x11D1, 0x11D1, 0x11D0, 0x11D0, 0x11D0, 0x11D0, 0xF7BF, 0x0000, 0x0000, 0x0000, 0x0000, 0x0000, 0x0000, 0x0000, 0x0000, 0x0000, 0x0000, 0x0000, 0xE73C, 0x1213, 0x11D0, 0x11D0, 0x11D0, 0x11D0, 0xF7BF, 0x0000, 0x0000, 0x0000, 0x0000, 0x0000, 0x0000, 0x0000, 0x0000, 0x0000, 0x0000, 0x0000, 0x0000, 0x0000, 0xE73C, 0x11D1, 0x11D0, 0x11D0, 0xEF7E, 0x0000, 0x0000, 0x0000, 0x0000, 0x0000, 0x0000, 0x0000, 0x0000, 0x0000, 0x0000, 0x0000, 0x0000, 0x0000, 0x0000, 0x0000, 0xE73C, 0xE73C, 0xEF5D, 0x0000, 0x0000, 0x0000, 0x0000, 0x0000, 0x0000, 0x0000, 0x0000 };

// ========== ALASKA (19x18) ==========
static const uint16_t PROGMEM logo_alaska[] = { 0x0000, 0x0000, 0x0000, 0x0000, 0x0000, 0x0000, 0x4558, 0x4558, 0x4558, 0x4558, 0x124E, 0x4558, 0xB6CF, 0x0000, 0x0000, 0x0000, 0x0000, 0x0000, 0x0000, 0x0000, 0x0000, 0x0000, 0x0000, 0x4558, 0x4558, 0x01EC, 0x01EC, 0x01EC, 0x01EC, 0x01EC, 0x01EC, 0x01EC, 0x4558, 0xB6CF, 0x0000, 0x0000, 0x0000, 0x0000, 0x0000, 0x0000, 0x0000, 0x4558, 0x4558, 0x01EC, 0x01EC, 0x01EC, 0x01EC, 0x01EC, 0x01EC, 0x01EC, 0x01EC, 0x01EC, 0x01EC, 0xB6CF, 0xB6CF, 0x0000, 0x0000, 0x0000, 0x0000, 0x4558, 0x33F5, 0x01EC, 0x01EC, 0x01EC, 0x01EC, 0x01EC, 0x01EC, 0x01EC, 0x01EC, 0x01EC, 0x01EC, 0x8D58, 0x01EC, 0xB6CF, 0xB6CF, 0x0000, 0x0000, 0x4558, 0x4558, 0x01EC, 0x01EC, 0x01EC, 0x01EC, 0x01EC, 0x01EC, 0x01EC, 0x01EC, 0x01EC, 0x01EC, 0x01EC, 0x01EC, 0x01EC, 0x2BB5, 0xB6CF, 0x0000, 0x4558, 0x4558, 0x01EC, 0x8D58, 0x01EC, 0x01EC, 0x01EC, 0xFFFF, 0xFFFF, 0xFFFF, 0xFFFF, 0xFFFF, 0xFFFF, 0x01EC, 0x01EC, 0x8D58, 0x01EC, 0x2BB5, 0xB6CF, 0x4558, 0x01EC, 0x8D58, 0x01EC, 0x01EC, 0x01EC, 0xFFFF, 0xFFFF, 0xFFFF, 0xFFFF, 0xFFFF, 0xFFFF, 0xFFFF, 0x01EC, 0x01EC, 0x01EC, 0x01EC, 0x01CC, 0xB6CF, 0x4558, 0x01EC, 0x8D58, 0x01EC, 0x01EC, 0x01EC, 0x01EC, 0x01EC, 0x01EC, 0x01EC, 0x01EC, 0x01EC, 0xB63A, 0x01EC, 0x01EC, 0x01EC, 0x8D58, 0x01EC, 0x2BB5, 0x4558, 0x01EC, 0x01CC, 0x01EC, 0x01EC, 0x01EC, 0x01EC, 0x01EC, 0xFFFF, 0x01EC, 0x01EC, 0x01EC, 0x01EC, 0x01EC, 0x01EC, 0x01EC, 0x8D58, 0x01EC, 0x2BB5, 0x4558, 0x01EC, 0x01EC, 0x01EC, 0x01EC, 0xFFFF, 0x01EC, 0xFFFF, 0xFFFF, 0xFFFF, 0xFFFF, 0xFFFF, 0xFFFF, 0xFFFF, 0x01EC, 0x01EC, 0x01EC, 0x01EC, 0x2BB5, 0x4558, 0x01EC, 0x01EC, 0x01EC, 0x01EC, 0xFFFF, 0xFFFF, 0xFFFF, 0x01EC, 0xFFFF, 0xFFFF, 0xFFFF, 0xFFFF, 0x01EC, 0x01EC, 0x01EC, 0x01EC, 0x01EC, 0x2BB5, 0xB6CF, 0x01EC, 0x01EC, 0x01EC, 0x01EC, 0x01EC, 0x01EC, 0x01EC, 0x01EC, 0xFFFF, 0xFFFF, 0x8517, 0xFFFF, 0x01EC, 0x01EC, 0x01EC, 0x01EC, 0x01EC, 0x2BB5, 0xB6CF, 0x01EC, 0x01EC, 0x01EC, 0x01EC, 0x01EC, 0x01EC, 0x01EC, 0x01EC, 0x01EC, 0x01EC, 0x01EC, 0xFFFF, 0x01EC, 0x01EC, 0x01EC, 0x8D58, 0x01EC, 0x0000, 0x0000, 0xB6CF, 0x01EC, 0x01EC, 0x01EC, 0x01EC, 0xF7BE, 0x01EC, 0x01EC, 0xFFFF, 0xFFFF, 0xFFFF, 0x01EC, 0x01EC, 0x01EC, 0x01EC, 0x01EC, 0x2BB5, 0x0000, 0x0000, 0xB6CF, 0x01EC, 0x01EC, 0x01EC, 0x01EC, 0xFFFF, 0xFFFF, 0x7494, 0x01EC, 0x01EC, 0x01EC, 0x01EC, 0x01EC, 0x01EC, 0x01EC, 0x2BB5, 0x0000, 0x0000, 0x0000, 0x0000, 0xB6CF, 0x01EC, 0x01EC, 0x01EC, 0x01EC, 0x01EC, 0x01EC, 0x01EC, 0x01EC, 0x01EC, 0x01EC, 0x01EC, 0x01EC, 0x2BB5, 0x2BB5, 0x0000, 0x0000, 0x0000, 0x0000, 0x0000, 0xB6CF, 0x01EC, 0x01EC, 0x01EC, 0x01EC, 0x01EC, 0x01EC, 0x01EC, 0x01EC, 0x2BB5, 0x2BB5, 0x2BB5, 0x2BB5, 0x0000, 0x0000, 0x0000, 0x0000, 0x0000, 0x0000, 0x0000, 0xB6CF, 0x2BB5, 0x01EC, 0x01EC, 0x01EC, 0x01EC, 0x01EC, 0x2BB5, 0x2BB5, 0x0000, 0x0000, 0x0000, 0x0000, 0x0000, 0x0000 };

// ========== LUFTHANSA (20x20) ==========
static const uint16_t PROGMEM logo_lufthansa[] = { 0xFFFF, 0xFFFF, 0xFFFF, 0xFFFF, 0xFFFF, 0xFFFF, 0x10EA, 0x10CA, 0xE583, 0xFD60, 0xFDA0, 0xDD46, 0x10CA, 0x10CA, 0xFFFF, 0xFFFF, 0xFFFF, 0xFFFF, 0xFFFF, 0xFFFF, 0xFFFF, 0xFFFF, 0xFFFF, 0xFFFF, 0x10EA, 0xF5E5, 0xFD80, 0xFD80, 0xFD80, 0xFD80, 0xFD80, 0xFD80, 0xFD80, 0xFDA0, 0xDD87, 0x10CB, 0xFFFF, 0xFFFF, 0xFFFF, 0xFFFF, 0xFFFF, 0xFFFF, 0xFFFE, 0x10EA, 0xFD81, 0xFD80, 0xFD80, 0xFD80, 0xFD80, 0xFD80, 0xFD80, 0xFD80, 0xFD80, 0xFD80, 0xFD80, 0xFD80, 0x10E9, 0xFFFF, 0xFFFF, 0xFFFF, 0xFFFF, 0xFFFF, 0x10EB, 0xFD80, 0xFD80, 0xFD80, 0xFD80, 0xFD80, 0xFD80, 0xFD80, 0xFD80, 0xFD80, 0xFD80, 0xFD80, 0xFD80, 0xFD80, 0xFD80, 0x10CA, 0xFFFF, 0xFFFF, 0xFFFF, 0x10EA, 0xFD80, 0xFD80, 0xFD80, 0xFD80, 0xFD80, 0xFD80, 0xFD80, 0xFD80, 0xFD80, 0xFD80, 0xFD80, 0xFD80, 0xFD80, 0xFD80, 0xFD80, 0xFD80, 0x10EA, 0xFFFF, 0xFFDF, 0xFDC1, 0xFD80, 0xFD80, 0xFD80, 0xFD80, 0xFD80, 0xFD80, 0xFD80, 0xFD80, 0xFD80, 0xFD80, 0xFD80, 0xFD80, 0xFD80, 0xFD80, 0xFD80, 0xFD80, 0xFDE5, 0xF7DF, 0x10EA, 0xFD80, 0xFD80, 0xFD80, 0xFD80, 0xFD80, 0xFD80, 0xFD80, 0xFD80, 0xFD80, 0xFD80, 0xFD80, 0xFD80, 0xFD80, 0xFD80, 0xFD80, 0xFD80, 0xFD80, 0xFD80, 0x10CA, 0x10CA, 0xFDA1, 0xFDA0, 0xFDA0, 0xFD80, 0xFD80, 0xFD80, 0xFD80, 0xFD80, 0xFD80, 0xFD80, 0xFD80, 0xFD80, 0xFD80, 0xFDA0, 0xFDA0, 0xFD80, 0xFDA0, 0xFD80, 0x10EA, 0xFD81, 0xFD80, 0xFD81, 0x18CA, 0x10CA, 0xDD48, 0xFDA0, 0xFD80, 0xFD80, 0xFD80, 0xFD80, 0x10CA, 0x10CA, 0x10CA, 0x10CA, 0x10C8, 0x1884, 0xED64, 0xF5A6, 0xF5C6, 0xFD80, 0xFD80, 0xFD80, 0xFD80, 0xFD80, 0x10EA, 0x20C1, 0x190A, 0xFDA0, 0xFDA0, 0x10E9, 0x10CA, 0x10CA, 0x10EA, 0x10EA, 0x10EA, 0x10EA, 0x0908, 0xFD80, 0xFD80, 0xFD80, 0xFD80, 0xFD80, 0xFD80, 0xFD80, 0xFD80, 0x82E2, 0x10CA, 0x10CA, 0x10CA, 0x10CA, 0x10CA, 0x10CA, 0x10CA, 0x10CA, 0x10CA, 0x10EA, 0xFD80, 0xFD80, 0xF580, 0xF5A3, 0xFD80, 0xFD80, 0xFD80, 0xFD80, 0xFD80, 0xFD80, 0xFDA0, 0x10CA, 0x10CA, 0x10CA, 0xFD80, 0xFD80, 0xFD80, 0xFD80, 0xFD80, 0xFD80, 0xFD80, 0xFD80, 0xCCC6, 0x10CA, 0xFD80, 0xFD80, 0xFD80, 0xFD80, 0xFD80, 0xFD80, 0xFD80, 0xFD80, 0xFDA0, 0x18EB, 0x110A, 0xFD80, 0xFD80, 0xFD80, 0xFD80, 0xFD80, 0xFD80, 0xFD80, 0x18CA, 0x10EA, 0xFD80, 0xFD80, 0xFD80, 0xFD80, 0xFD80, 0xFD80, 0xFD80, 0xFD80, 0xFD80, 0xFD80, 0xFD80, 0x1884, 0x10EA, 0xFDA0, 0xFDA0, 0xFD80, 0xFD80, 0xFD80, 0x10EA, 0xFFFF, 0x8B05, 0xFD80, 0xFD80, 0xFD80, 0xFD80, 0xFD80, 0xFD80, 0xFD80, 0xFD80, 0xFD80, 0xFD80, 0xFD80, 0xFD80, 0xFD80, 0xFD80, 0xFD80, 0xFD80, 0x2923, 0xFFFF, 0xFFFF, 0x10CB, 0xFDA0, 0xFD80, 0xFD80, 0xFD80, 0xFD80, 0xFD80, 0xFD80, 0xFD80, 0xFD80, 0xFD80, 0xFD80, 0xFD80, 0xFD80, 0xFD80, 0xFD80, 0xFDA0, 0x10EA, 0xFFFF, 0xFFFF, 0xFFFF, 0x10EA, 0xFD80, 0xFD80, 0xFD80, 0xFD80, 0xFD80, 0xFD80, 0xFD80, 0xFD80, 0xFD80, 0xFD80, 0xFD80, 0xFD80, 0xFD80, 0xFD80, 0x10EA, 0xFFFF, 0xFFFF, 0xFFFF, 0xFFFF, 0xFFFF, 0x10CA, 0xFD80, 0xFD80, 0xFD80, 0xFD80, 0xFD80, 0xFD80, 0xFD80, 0xFD80, 0xFD80, 0xFD80, 0xFD80, 0xFD40, 0x10EA, 0xFFFF, 0xFFFF, 0xFFFF, 0xFFFF, 0xFFFF, 0xFFFF, 0xFFFF, 0x18EA, 0x18CA, 0xFD80, 0xFD80, 0xFD80, 0xFD80, 0xFD80, 0xFD80, 0xFD80, 0xFD80, 0x08CB, 0x18EA, 0xFFFF, 0xFFFF, 0xFFFF, 0xFFFF, 0xFFFF, 0xFFFF, 0xFFFF, 0xFFFF, 0xFFFF, 0xFFFF, 0x190A, 0x10EB, 0x10CB, 0x2064, 0x1885, 0x10CA, 0x10CA, 0x10CA, 0xFFFF, 0xFFFF, 0xFFFF, 0xFFFF, 0xFFFF, 0xFFFF };

// ========== Jetblue (20x20) ==========
static const uint16_t PROGMEM logo_jetblue[] = {0x043A,0x043A,0x043A,0x043A,0x045A,0x05BC,0x05BC,0x05BC,0x05BC,0x041A,0x043A,0x043A,0x043A,0x043A,0x043A,0x043A,0x043A,0x043A,0x043A,0x043A,0x043A,0x043A,0x043A,0x05BC,0x05BC,0x05BC,0x05BC,0x05BC,0x05BC,0x05BC,0x059C,0x043A,0x043A,0x043A,0x043A,0x043A,0x043A,0x043A,0x043A,0x043A,0x043A,0x043A,0x05BC,0x05BC,0x05BC,0x05BC,0x05BC,0x05BC,0x05BC,0x05BC,0x05BC,0x05BC,0x043A,0x043A,0x043A,0x043A,0x043A,0x043A,0x043A,0x043A,0x043A,0x05BC,0x05BC,0x155D,0x0194,0x0194,0x0194,0x153C,0x05BC,0x05BC,0x05BC,0x05BC,0x05BC,0x043A,0x043A,0x043A,0x043A,0x043A,0x043A,0x05BC,0x05BC,0x05BC,0x0194,0x0194,0x0194,0x0194,0x0194,0x8E5C,0x965D,0x0172,0x753D,0x8E5C,0x255A,0x05BC,0x05BC,0x05BC,0x05BC,0x05BC,0x05BC,0x05BC,0x05BB,0x0194,0x0194,0x0194,0x0194,0x0193,0x8E5C,0x043A,0x043A,0x0194,0x0194,0x0194,0x0194,0x8E5D,0x05BC,0x05BC,0x05BC,0x05BC,0x05BC,0x0194,0x0194,0x0194,0x0194,0x0194,0x0193,0x8E7D,0x043A,0x043A,0x043A,0x043A,0x0194,0x0194,0x0194,0x0194,0x8E5C,0x05BC,0x05BC,0x05BC,0x0194,0x0194,0x0194,0x0194,0x0194,0x8E3C,0x043A,0x043A,0x043A,0x043A,0x043A,0x043A,0x043A,0x0193,0x0194,0x0194,0x0194,0x967C,0x967F,0x0194,0x0194,0x0194,0x8E5C,0x8E5D,0x043A,0x043A,0x043A,0x043A,0x043A,0x043A,0x043A,0x041A,0x045A,0x043A,0x043A,0x043A,0x043A,0x043A,0x043A,0x041A,0x8E3C,0x8E3C,0x043A,0x043A,0x043A,0x043A,0x043A,0x043A,0x043A,0x043A,0x043A,0x043A,0x043A,0x043A,0x043A,0x043A,0x043B,0x043A,0x043A,0x043A,0x043A,0x043A,0x043A,0x043A,0x043A,0x043A,0x043A,0x043A,0x043A,0x043A,0x043A,0x043A,0x043A,0x043A,0x043A,0x043A,0x043A,0x043A,0x043A,0x043A,0x043A,0x043A,0x043A,0x043A,0x043A,0x043A,0x043A,0x043A,0x043A,0x043A,0x043A,0x043A,0x043A,0x043A,0x043A,0x043A,0x043A,0x043A,0x043A,0x043A,0x043A,0x043A,0x043A,0x043A,0x043A,0x043A,0x043A,0x045A,0x043A,0x043A,0x043A,0x041A,0x043A,0x043A,0x041B,0x043A,0x043B,0x043A,0x0C19,0x043A,0x043A,0x043A,0x043A,0x043A,0x043A,0x041A,0x043A,0x043A,0x043A,0x043A,0x043A,0x043A,0x043A,0x041A,0x05BC,0x05BC,0x05BC,0x05BC,0x057C,0x043A,0x043A,0x043A,0x043A,0x043A,0x043A,0x043A,0x043A,0x043A,0x043A,0x043A,0x043A,0x043A,0x05BC,0x05BC,0x05BC,0x05BC,0x05BC,0x05BC,0x05BC,0x05BC,0x043A,0x043A,0x05BC,0x043A,0x043A,0x043A,0x043A,0x043A,0x043A,0x043A,0x043A,0x05BC,0x05BC,0x05BC,0x05BC,0x05BC,0x05BC,0x05BC,0x05BC,0x05BC,0x05BC,0x043A,0x05BC,0x05BC,0x043A,0x043A,0x043A,0x043A,0x043A,0x045A,0x05BC,0x05BC,0x05BC,0x05BC,0x05BC,0x0193,0x0194,0x0194,0x0194,0x01B3,0x05BC,0x05BC,0x0194,0x05BC,0x05BC,0x05BC,0x05BC,0x05BC,0x05BC,0x05BC,0x8E5D,0x8E5C,0x0194,0x0193,0x8E3D,0x8E5C,0x0194,0x0194,0x0194,0x0194,0x0194,0x05BC,0x0194,0x0194,0x05BC,0x05BC,0x05BC,0x05BC,0x05BC,0x8E5C,0x0194,0x0194,0x0194,0x0194,0x043A,0x043A,0x965D,0x0193,0x0194,0x0194,0x0194,0x0194,0x0194,0x0194,0x0194,0x05DC,0x05BC,0x05BC,0x8E5C,0x0194,0x0194,0x0194,0x0194,0x043A,0x043A,0x043A,0x043A,0x0BD7,0x0193,0x0194,0x0194,0x0194};

// ========== Air Canada (19x19) ==========
static const uint16_t PROGMEM logo_aircanada[] = { 0x0000, 0x0000, 0x0000, 0x0000, 0x0000, 0x0000, 0xF0A5, 0xF0A5, 0xF0A5, 0xF0A5, 0xF0A5, 0xF0A5, 0xF0A5, 0x0000, 0x0000, 0x0000, 0x0000, 0x0000, 0x0000, 0x0000, 0x0000, 0x0000, 0x0000, 0xF0A5, 0xF0A5, 0xF0A5, 0x0000, 0x0000, 0x0000, 0x0000, 0x0000, 0xF0A5, 0xF0A5, 0xF0A5, 0x0000, 0x0000, 0x0000, 0x0000, 0x0000, 0x0000, 0x0000, 0xF0A5, 0xF0A5, 0x0000, 0x0000, 0x0000, 0x0000, 0xF0A5, 0x0000, 0x0000, 0x0000, 0x0000, 0xF0A5, 0xF0A5, 0x0000, 0x0000, 0x0000, 0x0000, 0x0000, 0xF0A5, 0x0000, 0x0000, 0x0000, 0x0000, 0x0000, 0x0000, 0xF0A5, 0x0000, 0x0000, 0x0000, 0x0000, 0x0000, 0x0000, 0xF0A5, 0x0000, 0x0000, 0x0000, 0xF0A5, 0xF0A5, 0x0000, 0x0000, 0x0000, 0x0000, 0xF0A5, 0xF0A5, 0xF0A5, 0xF0A5, 0xF0A5, 0x0000, 0x0000, 0x0000, 0x0000, 0x0000, 0xF0A5, 0x0000, 0xF0A5, 0xF0A5, 0x0000, 0x0000, 0x0000, 0x0000, 0x0000, 0xF0A5, 0xF0A5, 0xF0A5, 0xF0A5, 0xF0A5, 0x0000, 0x0000, 0x0000, 0x0000, 0x0000, 0xF0A5, 0xF0A5, 0xF0A5, 0x0000, 0x0000, 0x0000, 0xF0A5, 0x0000, 0x0000, 0xF0A5, 0xF0A5, 0xF0A5, 0xF0A5, 0xA063, 0x0000, 0x0000, 0x0000, 0x0000, 0x0000, 0x0000, 0xF0A5, 0xF0A5, 0x0000, 0xF0A5, 0xF0A5, 0xF0A5, 0xF0A5, 0xF0A5, 0xF0A5, 0xF0A5, 0xF0A5, 0xF0A5, 0xF0A5, 0xF0A5, 0xF0A5, 0xF0A5, 0xF0A5, 0xF0A5, 0x0000, 0xF0A5, 0xF0A5, 0x0000, 0x0000, 0xF0A5, 0xF0A5, 0xF0A5, 0xF0A5, 0xF0A5, 0xF0A5, 0xF0A5, 0xF0A5, 0xF0A5, 0xF0A5, 0xF0A5, 0xF0A5, 0xF0A5, 0x0000, 0x0000, 0xF0A5, 0xF0A5, 0x0000, 0x0000, 0xF0A5, 0xF0A5, 0xF0A5, 0xF0A5, 0xF0A5, 0xF0A5, 0xF0A5, 0xF0A5, 0xF0A5, 0xF0A5, 0xF0A5, 0xF0A5, 0xF0A5, 0x0000, 0x0000, 0xF0A5, 0xF0A5, 0x0000, 0x0000, 0x0000, 0x0000, 0xF0A5, 0xF0A5, 0xF0A5, 0xF0A5, 0xF0A5, 0xF0A5, 0xF0A5, 0xF0A5, 0xF0A5, 0x0000, 0x0000, 0x0000, 0x0000, 0xF0A5, 0xF0A5, 0x0000, 0x0000, 0x0000, 0xF0A5, 0xF0A5, 0xF0A5, 0xF0A5, 0xF0A5, 0xF0A5, 0xF0A5, 0xF0A5, 0xF0A5, 0xF0A5, 0x0000, 0x0000, 0x0000, 0x0000, 0xF0A5, 0xF0A5, 0xF0A5, 0x0000, 0x0000, 0xF0A5, 0xF0A5, 0xF0A5, 0xF0A5, 0xF0A5, 0xF0A5, 0xF0A5, 0xF0A5, 0xF0A5, 0xF0A5, 0xF0A5, 0x0000, 0x0000, 0xF0A5, 0xF0A5, 0x0000, 0xF0A5, 0x0000, 0x0000, 0xF0A5, 0xF0A5, 0xF0A5, 0xF0A5, 0x0000, 0xF0A5, 0x0000, 0xF0A5, 0xF0A5, 0xF0A5, 0xF0A5, 0x0000, 0x0000, 0xF0A5, 0x0000, 0x0000, 0xF0A5, 0xF0A5, 0x0000, 0x0000, 0x0000, 0x0000, 0x0000, 0x0000, 0xF0A5, 0x0000, 0x0000, 0x0000, 0x0000, 0x0000, 0x0000, 0xF0A5, 0xF0A5, 0x0000, 0x0000, 0x0000, 0xF0A5, 0xF0A5, 0x0000, 0x0000, 0x0000, 0x0000, 0x0000, 0xF0A5, 0x0000, 0x0000, 0x0000, 0x0000, 0x0000, 0xF0A5, 0xF0A5, 0x0000, 0x0000, 0x0000, 0x0000, 0x0000, 0xF0A5, 0xF0A5, 0x0000, 0x0000, 0x0000, 0x0000, 0xF0A5, 0x0000, 0x0000, 0x0000, 0x0000, 0xF0A5, 0xF0A5, 0x0000, 0x0000, 0x0000, 0x0000, 0x0000, 0x0000, 0x0000, 0x0000, 0xF0A5, 0xF0A5, 0xF0A5, 0x0000, 0xF0A5, 0x0000, 0xF0A5, 0xF0A5, 0xF0A5, 0x0000, 0x0000, 0x0000, 0x0000, 0x0000, 0x0000, 0x0000, 0x0000, 0x0000, 0x0000, 0x0000, 0x0000, 0x0000, 0xF0A5, 0x0000, 0xF0A5, 0xF0A5, 0x0000, 0x0000, 0x0000, 0x0000, 0x0000, 0x0000, 0x0000 };

// ========== Hawaiian (20x23) ==========
static const uint16_t PROGMEM logo_hawaiian[] = { 0x0000, 0x0000, 0x0000, 0x0000, 0x0000, 0x0000, 0x0000, 0xF011, 0xF011, 0xF011, 0xF011, 0xF011, 0xF011, 0x0000, 0x0000, 0xF966, 0xF966, 0x0000, 0x0000, 0x0000, 0x0000, 0x0000, 0x0000, 0x0000, 0x0000, 0xF011, 0xF011, 0xF011, 0xF011, 0x4192, 0x4192, 0x4192, 0x4192, 0x4192, 0xF966, 0xF966, 0xF966, 0xF966, 0x0000, 0x0000, 0x0000, 0x0000, 0x0000, 0x0000, 0xF011, 0xF011, 0xF011, 0xF011, 0x4192, 0x4192, 0x4192, 0x4192, 0x4192, 0xF966, 0xF966, 0xF966, 0xF966, 0xF966, 0xF966, 0xF966, 0x0000, 0x0000, 0x0000, 0xE031, 0xD831, 0xD831, 0xD831, 0x4192, 0x4192, 0x4192, 0x4192, 0xF966, 0xF966, 0xF966, 0xF966, 0xF966, 0xF966, 0xF966, 0xF966, 0xF966, 0x0000, 0x0000, 0xD831, 0xD831, 0xC852, 0xD831, 0xD831, 0xFFFF, 0xFFFF, 0x4192, 0x4192, 0xF966, 0xF966, 0xF966, 0xF966, 0xF966, 0x4192, 0x4192, 0xF966, 0xF966, 0x0000, 0xC072, 0xB872, 0xB092, 0xB872, 0xA8B2, 0xFFFF, 0xFFFF, 0xFFFF, 0xFFFF, 0xFFFF, 0xF966, 0xF966, 0xF966, 0x4192, 0x4192, 0x4192, 0xF966, 0xF966, 0xF966, 0x0000, 0xA8B2, 0xA8B2, 0xB092, 0xB092, 0xA8B2, 0x4192, 0x4192, 0xFFFF, 0xFFFF, 0xFFFF, 0xF966, 0xF966, 0xF966, 0xF966, 0xF966, 0xF966, 0xF966, 0xF966, 0xF966, 0x0000, 0x88F2, 0xA8B2, 0x88F2, 0x98D2, 0xFFFF, 0xF79F, 0x4192, 0xFFFF, 0xFFFF, 0xFFFF, 0xFFFF, 0xFFFF, 0xF966, 0xF966, 0xF966, 0xF966, 0xF966, 0xF966, 0xF966, 0x88F2, 0x88F2, 0x90D2, 0x8112, 0x90F2, 0x7132, 0x62B4, 0xFFFF, 0xFFFF, 0xFFFF, 0xFFFF, 0xFFFF, 0xF966, 0xF966, 0xF966, 0xF966, 0x4192, 0xF966, 0xF966, 0xF966, 0x7132, 0x7132, 0x7132, 0x7132, 0x7132, 0xFFFF, 0xFFFF, 0xFFFF, 0xFFFF, 0xFFFF, 0xFFFF, 0xFFFF, 0xFFFF, 0xF966, 0xF966, 0xF966, 0x4192, 0x4192, 0x4192, 0x4192, 0x5972, 0x6952, 0x7132, 0x6152, 0xFFFF, 0xFFFF, 0xFFFF, 0xFFFF, 0xFFFF, 0xFFFF, 0xFFFF, 0xFFFF, 0x4192, 0x4192, 0x4192, 0x4192, 0x4192, 0x4192, 0x4192, 0x4192, 0x5172, 0x5172, 0x4992, 0x4192, 0xFFFF, 0xB4B9, 0xFFFF, 0xFFFF, 0xFFFF, 0xFFFF, 0xFFFF, 0xFFFF, 0x4192, 0x4192, 0x4192, 0x4192, 0x4192, 0x4192, 0x4192, 0x4192, 0x0000, 0x4192, 0x4192, 0x4192, 0x4192, 0x4192, 0xFFFF, 0xFFFF, 0xFFFF, 0xFFFF, 0xFFFF, 0xFFFF, 0x4192, 0x4192, 0x4192, 0x4192, 0x4192, 0x4192, 0x4192, 0x4192, 0x0000, 0x4192, 0x4192, 0x4192, 0xFFFF, 0xFFFF, 0xFFFF, 0xFFFF, 0xFFFF, 0xFFFF, 0xFFFF, 0xFFFF, 0x4192, 0x4192, 0x4192, 0x4192, 0x4192, 0x4192, 0x4192, 0x4192, 0x0000, 0x4192, 0x4192, 0x4192, 0xFFFF, 0xFFFF, 0xFFFF, 0xFFFF, 0xFFFF, 0xFFFF, 0xFFFF, 0xFFFF, 0xFFFF, 0x4192, 0x4192, 0x4192, 0x4192, 0x4192, 0x4192, 0x0000, 0x0000, 0x0000, 0x4192, 0x4192, 0xFFFF, 0xFFFF, 0xFFFF, 0xFFFF, 0xFFFF, 0xFFFF, 0xFFFF, 0xFFFF, 0xFFFF, 0x4192, 0x4192, 0x4192, 0x4192, 0x4192, 0x4192, 0x0000, 0x0000, 0x0000, 0x0000, 0x4192, 0x4192, 0x4192, 0x4192, 0x4192, 0x4192, 0xFFFF, 0xFFFF, 0xFFFF, 0xFFFF, 0x4192, 0x4192, 0x4192, 0x0000, 0x4192, 0x4192, 0x0000, 0x0000, 0x0000, 0x0000, 0x0000, 0x4192, 0x4192, 0x4192, 0x4192, 0x4192, 0x4192, 0xFFFF, 0xFFFF, 0xFFFF, 0x4192, 0x4192, 0x4192, 0x0000, 0x4192, 0x0000, 0x0000, 0x0000, 0x0000, 0x0000, 0x0000, 0x0000, 0x4192, 0x4192, 0x4192, 0x4192, 0x4192, 0xFFFF, 0xFFFF, 0xFFFF, 0x4192, 0x4192, 0x4192, 0x4192, 0x0000, 0x0000, 0x0000, 0x0000, 0x0000, 0x0000, 0x0000, 0x0000, 0x0000, 0x0000, 0x4192, 0x4192, 0x4192, 0xFFFF, 0xFFFF, 0xFFFF, 0x4192, 0x4192, 0x0000, 0x0000, 0x0000, 0x0000, 0x0000, 0x0000, 0x0000, 0x0000, 0x0000, 0x0000, 0x0000, 0x0000, 0x0000, 0x4192, 0x4192, 0xFFFF, 0xFFFF, 0x4192, 0x4192, 0x4192, 0x0000, 0x0000, 0x0000, 0x0000, 0x0000, 0x0000, 0x0000, 0x0000, 0x0000, 0x0000, 0x0000, 0x0000, 0x0000, 0x4192, 0x4192, 0xFFFF, 0x4192, 0x4192, 0x4192, 0x0000, 0x0000, 0x0000, 0x0000, 0x0000, 0x0000, 0x0000, 0x0000, 0x0000, 0x0000, 0x0000, 0x0000, 0x0000, 0x0000, 0x4192, 0x4192, 0x4192, 0x4192, 0x0000, 0x0000, 0x0000, 0x0000, 0x0000, 0x0000, 0x0000, 0x0000 };

// ========== emirates (16x19) ==========
static const uint16_t PROGMEM logo_emirates[] = { 0xFFFF, 0xFFFF, 0xFFFF, 0xFFFF, 0xFFFF, 0xFFFF, 0xFFFF, 0xFFFF, 0xFFFF, 0xFFFF, 0xFFFF, 0xFFFF, 0xFFFF, 0xFFFF, 0xFFFF, 0xFFFF, 0xFFFF, 0xFFFF, 0xFFFF, 0xFFFF, 0xFFFF, 0xFFFF, 0xFFFF, 0xF800, 0xFFFF, 0xFFFF, 0xFF9F, 0xFFFF, 0xFFFF, 0xFFFF, 0xFFFF, 0xFFFF, 0xFFFF, 0xFFFF, 0xFFFF, 0xFFFF, 0xFFFF, 0xFFFF, 0xFFFF, 0xF841, 0xF800, 0xFFBE, 0xF800, 0xFFFF, 0xFFFF, 0xFFFF, 0xFFFF, 0xFFFF, 0xFFFF, 0xFFFF, 0xFFFF, 0xFFFF, 0xFFFF, 0xFFFF, 0xFFFF, 0xFB0C, 0xFFFF, 0xFCF6, 0xF800, 0xFFFF, 0xFFFF, 0xFFFF, 0xFFFF, 0xFFFF, 0xFFFF, 0xFFFF, 0xFFFF, 0xF820, 0xFFFF, 0xFAEE, 0xF800, 0xF820, 0xFFFF, 0xFCF6, 0xF800, 0xFFFF, 0xFFFF, 0xFFFF, 0xFFFF, 0xFFFF, 0xFFFF, 0xFFFF, 0xFFFF, 0xF800, 0xFFFF, 0xFFFF, 0xF841, 0xF800, 0xFFFF, 0xFCF6, 0xF800, 0xFFFF, 0xFFFF, 0xFFFF, 0xFFFF, 0xFFFF, 0xFFFF, 0xFFFF, 0xFF7E, 0xFFFF, 0xFFFF, 0xF800, 0xFFFF, 0xFDD7, 0xFB91, 0xFCF6, 0xF800, 0xFFFF, 0xFFFF, 0xFFFF, 0xFFFF, 0xFFFF, 0xFFFF, 0xFFFF, 0xFE9B, 0xFFFF, 0xF926, 0xFFFF, 0xFFFF, 0xFFFF, 0xFBD2, 0xFBF2, 0xFF9E, 0xFCF3, 0xFFFF, 0xFFFF, 0xFFFF, 0xFFFF, 0xFFFF, 0xFFFF, 0xFEDC, 0xF800, 0xF800, 0xF800, 0xF800, 0xF800, 0xFFFF, 0xFFFF, 0xF882, 0xFFFF, 0xFFFF, 0xFD14, 0xF800, 0xFFFF, 0xFFFF, 0xFFFF, 0xF800, 0xFFFF, 0xFFFF, 0xFFFF, 0xFFFF, 0xFFFF, 0xFFFF, 0xFEDB, 0xF800, 0xFFFF, 0xF800, 0xFFFF, 0xF800, 0xFFFF, 0xFFFF, 0xF820, 0xFFDF, 0xF800, 0xF800, 0xF800, 0xF800, 0xF800, 0xF800, 0xF800, 0xF800, 0xF9E9, 0xFC31, 0xF800, 0xFFFF, 0xFFFF, 0xFFFF, 0xF800, 0xFFFF, 0xFFFF, 0xFFFF, 0xFFFF, 0xFFFF, 0xFFFF, 0xFFFF, 0xF9CA, 0xF800, 0xFFFF, 0xFFFF, 0xFFFF, 0xFFFF, 0xFFFF, 0xFFFF, 0xF800, 0xFFFF, 0xF800, 0xFFFF, 0xF800, 0xFF7D, 0xF800, 0xFFFF, 0xFA4C, 0xF800, 0xFFFF, 0xF800, 0xFFFF, 0xFFFF, 0xFFFF, 0xFFFF, 0xF800, 0xFFFF, 0xF800, 0xFC32, 0xF800, 0xFF1C, 0xF8C3, 0xFFFF, 0xFA4C, 0xF800, 0xFFFF, 0xF9E9, 0xFFFF, 0xFFFF, 0xFFFF, 0xFFFF, 0xFFDF, 0xFE5A, 0xFFFF, 0xFFFF, 0xFFFF, 0xFFFF, 0xFFFF, 0xFFFF, 0xFCD5, 0xF865, 0xFFFF, 0xF906, 0xFFFF, 0xFFFF, 0xFFFF, 0xFFFF, 0xFFFF, 0xF800, 0xF800, 0xF904, 0xF904, 0xF904, 0xF8E3, 0xFFFF, 0xF904, 0xFFFF, 0xFFFF, 0xF800, 0xFFFF, 0xFFFF, 0xFFFF, 0xFFFF, 0xFFFF, 0xFFFF, 0xF9C8, 0xF800, 0xF800, 0xF800, 0xFFFF, 0xFF7E, 0xFFFF, 0xFAEB, 0xF800, 0xFFDF, 0xFFFF, 0xFFFF, 0xFFFF, 0xFFFF, 0xFFFF, 0xFFFF, 0xFFFF, 0xFFFF, 0xFFFF, 0xFFFF, 0xFFFF, 0xF800, 0xF800, 0xF800, 0xFEBA, 0xFFFF, 0xFFFF, 0xFFFF, 0xFFFF, 0xFFFF, 0xFFFF, 0xFFFF, 0xFFFF, 0xFFFF, 0xFFFF, 0xFFFF, 0xFFFF, 0xFFFF, 0xFFFF, 0xFFFF, 0xFFFF, 0xFFFF, 0xFFFF, 0xFFFF, 0xFFFF };

// ========== korean (16x19) ==========
static const uint16_t PROGMEM logo_korean[] = { 0x0000, 0x0000, 0x0000, 0x0000, 0x0000, 0x0000, 0x0000, 0x0000, 0x0000, 0x0000, 0x0000, 0x0000, 0x0000, 0x0000, 0x0000, 0x0000, 0x0000, 0x0000, 0x0000, 0x0000, 0x0000, 0x0000, 0x0000, 0x0000, 0x0000, 0x0000, 0x0000, 0xE102, 0xE102, 0xE102, 0xE102, 0xE102, 0xE102, 0xE102, 0x0000, 0x0000, 0x0000, 0x0000, 0x0000, 0x0000, 0x0000, 0x0000, 0x0000, 0x0000, 0x0000, 0xE102, 0xE102, 0xE102, 0xE102, 0xE102, 0xE102, 0xE102, 0xE102, 0xE102, 0xE102, 0xE102, 0x0000, 0x0000, 0x0000, 0x0000, 0x0000, 0x0000, 0x0000, 0x0000, 0xE102, 0xE102, 0xE102, 0xE102, 0xE102, 0xE102, 0xE102, 0xE102, 0xE102, 0xE102, 0xE102, 0xE102, 0xE102, 0x0000, 0x0000, 0x0000, 0x0000, 0x0000, 0x0000, 0xE102, 0xE102, 0xE102, 0xE102, 0xE102, 0xE102, 0xE102, 0xE102, 0xE102, 0xE102, 0xFFFF, 0xE102, 0xE102, 0xE102, 0xE102, 0x0000, 0x0000, 0x0000, 0x0000, 0xE102, 0xE102, 0xE102, 0xE102, 0xE102, 0xE102, 0xE102, 0xE102, 0xE102, 0xFFFF, 0xFFFF, 0xFFFF, 0xFFFF, 0xFFFF, 0xFFFF, 0xE102, 0xE102, 0x0000, 0x0000, 0x0000, 0xE102, 0xE102, 0xE102, 0xE102, 0xE102, 0xE102, 0xE102, 0xE102, 0xE102, 0xFFFF, 0xFFFF, 0xFFFF, 0xFFFF, 0xFFFF, 0xFFFF, 0xFFFF, 0xE102, 0x0000, 0x0000, 0xFFFF, 0xE102, 0xE102, 0xE102, 0xE102, 0xE102, 0xE102, 0xE102, 0xE102, 0xFF3C, 0xFFFF, 0xFFFF, 0xFFFF, 0xFFFF, 0xFFFF, 0xFFFF, 0xFFFF, 0xFFFF, 0xE102, 0x0000, 0xFFFF, 0xE102, 0xE102, 0xE102, 0xE102, 0xE102, 0xE102, 0xE102, 0xE102, 0xF4D2, 0xFFFF, 0xFFFF, 0x0151, 0x0151, 0x0151, 0x0151, 0xFFFF, 0xFFFF, 0xE102, 0x0000, 0xFFFF, 0xE102, 0xE102, 0xE102, 0xE102, 0xE102, 0xE102, 0xE102, 0xE102, 0xFFFF, 0x0151, 0x0151, 0x0151, 0x0151, 0x0151, 0x0151, 0x0151, 0xFFFF, 0xFFFF, 0x0000, 0xFFFF, 0xE102, 0xE102, 0xE102, 0xE102, 0xE102, 0xE102, 0xE102, 0xE102, 0xFFFF, 0x0151, 0x0151, 0x0151, 0x0151, 0x0151, 0x0151, 0x0151, 0x0151, 0xFFFF, 0x0000, 0xFFFF, 0xFFFF, 0xE102, 0xE102, 0xE102, 0xE102, 0xE102, 0xE102, 0xFEBA, 0xFFFF, 0x0151, 0x0151, 0x0151, 0x0151, 0x0151, 0x0151, 0x0151, 0x0151, 0xFFFF, 0x0000, 0x0151, 0xFFFF, 0xFFFF, 0xE102, 0xE102, 0xE102, 0xE102, 0xFFFF, 0xFFFF, 0x0151, 0x0151, 0x0151, 0x0151, 0x0151, 0x0151, 0x0151, 0x0151, 0x0151, 0xFFFF, 0x0000, 0x0151, 0xFFFF, 0xFFFF, 0xFFFF, 0xFFFF, 0xFFFF, 0xFFFF, 0xFFFF, 0xFFFF, 0x0151, 0x0151, 0x0151, 0x0151, 0x0151, 0x0151, 0x0151, 0x0151, 0x0151, 0xFFFF, 0x0000, 0x0000, 0x0151, 0xFFFF, 0xFFFF, 0xFFFF, 0xFFFF, 0xFFFF, 0xFFFF, 0xFFFF, 0x0151, 0x0151, 0x0151, 0x0151, 0x0151, 0x0151, 0x0151, 0x0151, 0x0151, 0x0000, 0x0000, 0x0000, 0x0151, 0x0151, 0xFFFF, 0xFFFF, 0xFFFF, 0xFFFF, 0xFFFF, 0xFFFF, 0x0151, 0x0151, 0x0151, 0x0151, 0x0151, 0x0151, 0x0151, 0x0151, 0x0151, 0x0000, 0x0000, 0x0000, 0x0000, 0x0151, 0x0151, 0x0151, 0x0151, 0xFFFF, 0x0151, 0x0151, 0x0151, 0x0151, 0x0151, 0x0151, 0x0151, 0x0151, 0x0151, 0x0151, 0x0000, 0x0000, 0x0000, 0x0000, 0x0000, 0x0000, 0x0151, 0x0151, 0x0151, 0x0151, 0x0151, 0x0151, 0x0151, 0x0151, 0x0151, 0x0151, 0x0151, 0x0151, 0x0151, 0x0000, 0x0000, 0x0000, 0x0000, 0x0000, 0x0000, 0x0000, 0x0000, 0x0151, 0x0151, 0x0151, 0x0151, 0x0151, 0x0151, 0x0151, 0x0151, 0x0151, 0x0151, 0x0151, 0x0000, 0x0000, 0x0000, 0x0000, 0x0000, 0x0000, 0x0000, 0x0000, 0x0000, 0x0000, 0x0000, 0x0151, 0x0151, 0x0151, 0x0151, 0x0151, 0x0151, 0x0151, 0x0000, 0x0000, 0x0000, 0x0000, 0x0000, 0x0000 };

// ========== JAL (20x20) ==========
static const uint16_t PROGMEM logo_jal[] = {0x0000,0x0000,0x0000,0x0000,0x0000,0x0000,0x0000,0x0000,0x0000,0x0000,0xE002,0x0000,0x0000,0x0000,0x0000,0x0000,0x0000,0x0000,0x0000,0x0000,0x0000,0x0000,0x0000,0x0000,0x0000,0x0000,0xE002,0x0000,0x0000,0x0000,0x0000,0x0000,0x0000,0x0000,0xE002,0x0000,0x0000,0x0000,0x0000,0x0000,0x0000,0x0000,0x0000,0x0000,0xE002,0xE002,0x0000,0x0000,0x0000,0x0000,0x0000,0x0000,0x0000,0x0000,0x0000,0xE002,0xE002,0x0000,0x0000,0x0000,0x0000,0x0000,0x0000,0xE002,0xE002,0x0000,0x0000,0x0000,0x0000,0x0000,0x0000,0xE002,0xE002,0x0000,0x0000,0x0000,0xE002,0xE002,0x0000,0x0000,0x0000,0x0000,0xE002,0xE002,0xE002,0x0000,0x0000,0xE002,0xE002,0xE002,0xE002,0xE002,0xE002,0xE002,0x0000,0x0000,0xE002,0xE002,0x0000,0x0000,0x0000,0x0000,0xE002,0xE002,0x0000,0x0000,0x0000,0x0000,0x0000,0x0000,0x0000,0xE002,0xE002,0xE002,0x0000,0x0000,0x0000,0xE002,0xE002,0x0000,0x0000,0xE002,0xE002,0xE002,0x0000,0x0000,0x0000,0x0000,0x0000,0x0000,0x0000,0xE002,0xE002,0x0000,0x0000,0x0000,0x0000,0xE002,0xE002,0xE002,0x0000,0xE002,0xE002,0xE002,0x0000,0x0000,0x0000,0x0000,0x0000,0x0000,0xE002,0xE002,0x0000,0x0000,0x0000,0x0000,0x0000,0xE002,0xE002,0xE002,0x0000,0xE002,0xE002,0xE002,0x0000,0x0000,0x0000,0x0000,0x0000,0xE002,0xE002,0x0000,0x0000,0x0000,0x0000,0x0000,0x0000,0xE002,0xE002,0xE002,0x0000,0xE002,0x0000,0xE002,0x0000,0x0000,0x0000,0x0000,0xE002,0xE002,0x0000,0x0000,0x0000,0x0000,0x0000,0x0000,0xE002,0xE002,0xE002,0xE002,0xE002,0xE002,0xE002,0xE002,0xE002,0x0000,0x0000,0x0000,0xE002,0xE002,0x0000,0x0000,0x0000,0x0000,0x0000,0x0000,0xE002,0xE002,0xE002,0x0000,0x0000,0xE002,0xE002,0xE002,0xE002,0xE002,0x0000,0x0000,0xE002,0xE002,0x0000,0x0000,0x0000,0x0000,0x0000,0xE002,0xE002,0xE002,0xE002,0xE002,0x0000,0xE002,0xE002,0xE002,0xE002,0xE002,0xE002,0xE002,0xE002,0xE002,0xE002,0xE002,0x0000,0x0000,0xE002,0xE002,0xE002,0xE002,0xE002,0xE002,0x0000,0xE002,0xE002,0xE002,0xE002,0xE002,0xE002,0xE002,0xE002,0xE002,0xE002,0xE002,0xE002,0xE002,0xE002,0xE002,0xE002,0xE002,0xE002,0xE002,0x0000,0xE002,0xE002,0xE002,0xE002,0xE002,0xE002,0xE002,0xE002,0xE002,0xE002,0xE002,0xE002,0xE002,0xE002,0xE002,0xE002,0xE002,0xE002,0xE002,0x0000,0x0000,0xE002,0xE002,0xE002,0xE002,0xE002,0xE002,0xE002,0xE002,0xE002,0xE002,0xE002,0xE002,0xE002,0xE002,0xE002,0xE002,0xE002,0x0000,0x0000,0x0000,0xE002,0xE002,0xE002,0xE002,0xE002,0xE002,0xE002,0xE002,0xE002,0xE002,0xE002,0xE002,0xE002,0xE002,0xE002,0xE002,0x0000,0x0000,0x0000,0x0000,0x0000,0xE002,0xE002,0xE002,0xE002,0xE002,0xE002,0xE002,0xE002,0xE002,0xE002,0xE002,0xE002,0xE002,0xE002,0xE002,0x0000,0x0000,0x0000,0x0000,0x0000,0x0000,0xE002,0xE002,0xE002,0xE002,0xE002,0xE002,0xE002,0xE002,0xE002,0xE002,0xE002,0xE002,0x0000,0x0000,0x0000,0x0000,0x0000,0x0000,0x0000,0x0000,0x0000,0x0000,0xE002,0xE002,0xE002,0xE002,0xE002,0xE002,0xE002,0xE002,0xE002,0x0000,0x0000,0x0000,0x0000,0x0000};

// ========== ANA (19x14) ==========
static const uint16_t PROGMEM logo_ana[] = {0xFFFF,0xFFFF,0xFFFF,0xFFFF,0xFFFF,0xFFFF,0xFFFF,0xFFFF,0x0991,0x0991,0x0991,0x0991,0x0991,0x0991,0x0991,0x0991,0x0991,0x053D,0x053D,0xFFFF,0xFFFF,0xFFFF,0xFFFF,0xFFFF,0xFFFF,0xFFFF,0xFFFF,0x0991,0x0991,0x0991,0x0991,0x0991,0x0991,0x0991,0x0991,0x0991,0x053D,0x053D,0xFFFF,0xFFFF,0xFFFF,0xFFFF,0xFFFF,0xFFFF,0xFFFF,0x0971,0x0991,0x0991,0x0991,0x0991,0x0991,0x0991,0x0991,0x0991,0x053D,0x053D,0xFFFF,0xFFFF,0xFFFF,0xFFFF,0xFFFF,0xFFFF,0xFFFF,0xFFFF,0x0991,0x0991,0x0991,0x0991,0x0991,0x0991,0x0991,0x0991,0x09B2,0x053D,0x053D,0xFFFF,0xFFFF,0xFFFF,0xFFFF,0xFFFF,0xFFFF,0xFFFF,0x0991,0x0991,0x0991,0x0991,0x0991,0x0991,0x0991,0x0991,0x0991,0x053D,0x053D,0xFFFF,0xFFFF,0xFFFF,0xFFFF,0xFFFF,0xFFFF,0xFFFF,0xFFFF,0x0991,0x0991,0x0991,0x0991,0x0991,0x0991,0x0991,0x0991,0x0D7D,0x053D,0x053D,0xFFFF,0xFFFF,0xFFFF,0xFFFF,0xFFFF,0xFFFF,0xFFFF,0x0991,0x0991,0x0991,0x0991,0x0991,0x0991,0x0991,0x0991,0x1171,0x053D,0x053D,0xFFFF,0xFFFF,0xFFFF,0xFFFF,0xFFFF,0xFFFF,0xFFFF,0x2A12,0x0991,0x0991,0x0991,0x0991,0x0991,0x0991,0x0991,0x0991,0x053D,0x053D,0x765D,0xFFFF,0xFFFF,0xFFFF,0xFFFF,0xFFFF,0xFFFF,0xFFFF,0x0991,0x0991,0x0991,0x0991,0x0991,0x0991,0x0991,0x0991,0x0991,0x053D,0x053D,0xFFFF,0xFFFF,0xFFFF,0xFFFF,0xFFFF,0xFFFF,0xFFFF,0x09B2,0x0991,0x0991,0x0991,0x0991,0x0991,0x0991,0x0991,0x0991,0x053D,0x053D,0xFFFF,0xFFFF,0xFFFF,0xFFFF,0xFFFF,0xFFFF,0xFFFF,0xFFFF,0x0991,0x0991,0x0991,0x0991,0x0991,0x0991,0x0991,0x0991,0x0991,0x053D,0x053D,0xFFFF,0xFFFF,0xFFFF,0xFFFF,0xFFFF,0xFFFF,0xFFFF,0x0991,0x0991,0x0991,0x0991,0x0991,0x0991,0x0991,0x0991,0x0991,0x053D,0x053D,0xFFFF,0xFFFF,0xFFFF,0xFFFF,0xFFFF,0xFFFF,0xFFFF,0xFFDE,0x0991,0x0991,0x0991,0x0991,0x0991,0x0991,0x0991,0x0991,0x0CDC,0x053D,0x053D,0xFFFF,0xFFFF,0xFFFF,0xFFFF,0xFFFF,0xFFFF,0xFFFF,0x0991,0x0991,0x0991,0x0991,0x0991,0x0991,0x0991,0x0991,0x0991,0x053D,0x053D,0xFFFF,0xFFFF,0xFFFF,0xFFFF,0xFFFF,0xFFFF,0xFFFF};

// ========== Cathay (20x20) ==========
static const uint16_t PROGMEM logo_cathay[] = {0x02EC,0x02EC,0x02EC,0x02EC,0x02EC,0x02EC,0x02EC,0x02EC,0x02EC,0x02EC,0x02EC,0x02EC,0x02EC,0x02EC,0x02EC,0x02EC,0x02EC,0x02EC,0x02EC,0x02EC,0x02EC,0x02EC,0x02EC,0x02EC,0x02EC,0x02EC,0x02EC,0x02EC,0x02EC,0x02EC,0x02EC,0x02EC,0x02EC,0x02EC,0x02EC,0x02EC,0x02EC,0x02EC,0x02EC,0x02EC,0x02EC,0x02EC,0x02EC,0x02EC,0x02EC,0x02EC,0x02EC,0x02EC,0x02EC,0x02EC,0x02EC,0x02EC,0x02EC,0x02EC,0x02EC,0x02EC,0x02EC,0x02EC,0x02EC,0x02EC,0x02EC,0x02EC,0x02EC,0x02EC,0x02EC,0x02EC,0x02EC,0x02EC,0x02EC,0x02EC,0x02EC,0x02EC,0x02EC,0x02EC,0x02EC,0x02EC,0x02EC,0x02EC,0x02EC,0x02EC,0x02EC,0x02EC,0x02EC,0x02EC,0x02EC,0x02EC,0x02EC,0x02EC,0x02EC,0x02EC,0x02EC,0x02EC,0x02EC,0x02EC,0x02EC,0x02EC,0x02EC,0x02EC,0x02EC,0x02EC,0x02EC,0x02EC,0x02EC,0x02EC,0x02EC,0x02EC,0x02EC,0x02EC,0x02EC,0x02EC,0x02EC,0x02EC,0x02EC,0x02EC,0x02EC,0x02EC,0x02EC,0x02EC,0x02EC,0x02EC,0x02EC,0x02EC,0x02EC,0x02EC,0x02EC,0x02EC,0x6D14,0x02EC,0x02EC,0x02EC,0x02EC,0x02EC,0x02EC,0x02EC,0x02EC,0x02EC,0x02EC,0x02EC,0x02EC,0x02EC,0x02EC,0x02EC,0x02EC,0x02EC,0x02EC,0x02EC,0x8596,0x8DD7,0x02EC,0x02EC,0x02EC,0x02EC,0x02EC,0x02EC,0x02EC,0x02EC,0x02EC,0x02EC,0x02EC,0x02EC,0x02EC,0x02EC,0x02EC,0x02EC,0x02EC,0x02EC,0x02EC,0xAE59,0xB69A,0x02EC,0x02EC,0x02EC,0x02EC,0x02EC,0x02EC,0x02EC,0x02EC,0x02EC,0x02EC,0x02EC,0x02EC,0x02EC,0x02EC,0x02EC,0x02EC,0x02EC,0x02EC,0xCEFB,0xD71C,0xDF5D,0x02EC,0x02EC,0x02EC,0x02EC,0x02EC,0x02EC,0x02EC,0x02EC,0x02EC,0x02EC,0x02EC,0x02EC,0x02EC,0x02EC,0x02EC,0x02EC,0x02EC,0x02EC,0xEFBE,0xFFDF,0xFFFF,0xFFFF,0x02EC,0x02EC,0x02EC,0x02EC,0x02EC,0x02EC,0x02EC,0x02EC,0x02EC,0x02EC,0x02EC,0x02EC,0x02EC,0x02EC,0x02EC,0x02EC,0xFFFF,0xFFFF,0xFFFF,0xFFFF,0xFFFF,0xFFFF,0x02EC,0x02EC,0x02EC,0x02EC,0x02EC,0x02EC,0x02EC,0x02EC,0x02EC,0x02EC,0x02EC,0x02EC,0x02EC,0x02EC,0x02EC,0xEF9E,0xFFFF,0xFFFF,0xFFFF,0xFFFF,0xFFFF,0x02EC,0x02EC,0x02EC,0x02EC,0x02EC,0x02EC,0x02EC,0x02EC,0x02EC,0x02EC,0x02EC,0x02EC,0x02EC,0x02EC,0x02EC,0xFFFF,0xFFFF,0xFFFF,0x02EC,0x02EC,0x02EC,0x02EC,0x02EC,0x02EC,0x02EC,0x02EC,0x02EC,0x02EC,0x02EC,0x02EC,0x02EC,0x02EC,0x02EC,0x02EC,0xFFFF,0xFFFF,0x02EC,0x02EC,0x02EC,0x02EC,0x02EC,0x02EC,0x02EC,0x02EC,0x02EC,0x02EC,0x02EC,0x02EC,0x02EC,0x02EC,0x02EC,0x02EC,0xFFFF,0x02EC,0x02EC,0x02EC,0x02EC,0x02EC,0x02EC,0x02EC,0x02EC,0x02EC,0x02EC,0x02EC,0x02EC,0x02EC,0x02EC,0x02EC,0x02EC,0x02EC,0x02EC,0x02EC,0x02EC,0x02EC,0x02EC,0x02EC,0x02EC,0x02EC,0x02EC,0x02EC,0x02EC,0x02EC,0x02EC,0x02EC,0x02EC,0x02EC,0x02EC,0x02EC,0x02EC,0x02EC,0x02EC,0x02EC,0x02EC,0x02EC,0x02EC,0x02EC,0x02EC,0x02EC,0x02EC,0x02EC,0x02EC,0x02EC,0x02EC,0x02EC,0x02EC,0x02EC,0x02EC,0x02EC,0x02EC,0x02EC,0x02EC,0x02EC,0x02EC,0x02EC,0x02EC,0x02EC,0x02EC,0x02EC,0x02EC,0x02EC,0x02EC,0x02EC,0x02EC,0x02EC,0x02EC,0x02EC,0x02EC,0x02EC,0x02EC,0x02EC,0x02EC,0x02EC,0x02EC,0x02EC,0x02EC,0x02EC,0x02EC,0x02EC,0x02EC,0x02EC,0x02EC,0x02EC,0x02EC,0x02EC,0x02EC};

// ========== KLM (20x20) ==========
static const uint16_t PROGMEM logo_klm[] = {0x04B9,0x04B9,0x04B9,0x04B9,0x04B9,0x04B9,0x04B9,0x04B9,0x04B9,0x04B9,0x04B9,0x04B9,0x04B9,0x04B9,0x04B9,0x04B9,0x04B9,0x04B9,0x04B9,0x04B9,0x04B9,0x04B9,0x04B9,0x04B9,0x04B9,0x04B9,0x04B9,0x04B9,0x04B9,0x04B9,0x04B9,0x04B9,0x04B9,0x04B9,0x04B9,0x04B9,0x04B9,0x04B9,0x04B9,0x04B9,0x04B9,0x04B9,0x04B9,0x04B9,0x04B9,0x04B9,0x04B9,0x04B9,0x04B9,0x04B9,0x04B9,0x04B9,0x04B9,0x04B9,0x04B9,0x04B9,0x04B9,0x04B9,0x04B9,0x04B9,0x04B9,0x04B9,0x04B9,0x04B9,0x04B9,0x04B9,0x04B9,0x04B9,0x04B9,0x04B9,0x04B9,0x04B9,0x04B9,0x04B9,0x04B9,0x04B9,0x04B9,0x04B9,0x04B9,0x04B9,0x04B9,0x04B9,0x04B9,0x04B9,0x04B9,0x04B9,0x04B9,0x04B9,0x04B9,0x04B9,0x04B9,0x04B9,0x04B9,0x04B9,0x04B9,0x04B9,0x04B9,0x04B9,0x04B9,0x04B9,0x04B9,0x04B9,0x04B9,0x04B9,0x04B9,0x04B9,0x04B9,0x04B9,0x04B9,0x04B9,0x1CD9,0x04B9,0x04B9,0x04B9,0x04B9,0x04B9,0x04B9,0x04B9,0x04B9,0x04B9,0x04B9,0x04B9,0x04B9,0x04B9,0x04B9,0x04B9,0x04B9,0x0499,0x04B9,0x04B9,0xFFFF,0x0499,0x04B9,0x04B9,0x04B9,0x04B9,0x04B9,0x04B9,0x04B9,0x04B9,0x04B9,0x04B9,0x04B9,0x04B9,0x04B9,0x04B9,0x04B9,0xFFFF,0xFFFF,0xFFFF,0x2CD9,0xFFFF,0xFFFF,0xFFFF,0x04B9,0x04B9,0x04B9,0x04B9,0x04B9,0x04B9,0x04B9,0x04B9,0x04B9,0x04B9,0x04B9,0x04B9,0x04B9,0x04B9,0x04B9,0x04B9,0x04B9,0x04B9,0x04B9,0x04B9,0x04B9,0x04B9,0x04B9,0x04B9,0x04B9,0x04B9,0x04B9,0x04B9,0x04B9,0x04B9,0x04B9,0x04B9,0x04B9,0x04B9,0x04B9,0x04B9,0x04B9,0x04B9,0x04B9,0x04B9,0x04B9,0x04B9,0x04B9,0x04B9,0x04B9,0x04B9,0x04B9,0x04B9,0x04B9,0xC73E,0xFFFF,0x04B9,0xFFFF,0x04B9,0xFFFF,0x04B9,0x04B9,0x04B9,0xFFFF,0xFFFF,0x04B9,0xFFFF,0xFFFF,0x2CFA,0x04B9,0x04B9,0x04B9,0x04B9,0x04B9,0xC73E,0xFFFF,0xFFFF,0x04B9,0x04B9,0xFFFF,0x04B9,0x04B9,0x04B9,0xFFFF,0xFFFF,0x04B9,0xFFFF,0xFFFF,0x2CFA,0x04B9,0x04B9,0x04B9,0x04B9,0x04B9,0xC73E,0xFFFF,0xFFFF,0xB6DD,0x04B9,0xFFFF,0x04B9,0x04B9,0x04B9,0xFFFF,0x6DDB,0xFFFF,0xFFFF,0xFFFF,0x2CFA,0x04B9,0x04B9,0x04B9,0x04B9,0x04B9,0xC73E,0xFFFF,0x04B9,0xFFFF,0xA69C,0xFFFF,0xFFFF,0xFFFF,0x0499,0xFFFF,0x04B9,0xFFFF,0x0499,0xFFFF,0x2CFA,0x04B9,0x04B9,0x04B9,0x04B9,0x04B9,0x04B9,0x04B9,0x04B9,0x04B9,0x04B9,0x04B9,0x04B9,0x04B9,0x04B9,0x04B9,0x04B9,0x04B9,0x04B9,0x04B9,0x04B9,0x04B9,0x04B9,0x04B9,0x04B9,0x04B9,0x04B9,0x04B9,0x04B9,0x04B9,0x04B9,0x04B9,0x04B9,0x04B9,0x04B9,0x04B9,0x04B9,0x04B9,0x04B9,0x04B9,0x04B9,0x04B9,0x04B9,0x04B9,0x04B9,0x04B9,0x04B9,0x04B9,0x04B9,0x04B9,0x04B9,0x04B9,0x04B9,0x04B9,0x04B9,0x04B9,0x04B9,0x04B9,0x04B9,0x04B9,0x04B9,0x04B9,0x04B9,0x04B9,0x04B9,0x04B9,0x04B9,0x04B9,0x04B9,0x04B9,0x04B9,0x04B9,0x04B9,0x04B9,0x04B9,0x04B9,0x04B9,0x04B9,0x04B9,0x04B9,0x04B9,0x04B9,0x04B9,0x04B9,0x04B9,0x04B9,0x04B9,0x04B9,0x04B9,0x04B9,0x04B9,0x04B9,0x04B9,0x04B9,0x04B9,0x04B9,0x04B9,0x04B9,0x04B9,0x04B9,0x04B9,0x04B9,0x04B9,0x04B9,0x04B9,0x04B9,0x04B9,0x04B9,0x04B9,0x04B9,0x04B9,0x04B9,0x04B9,0x04B9,0x04B9,0x04B9,0x04B9,0x04B9,0x04B9,0x04B9,0x04B9,0x04B9,0x04B9};

// ========== AirFrance (20x14) ==========
static const uint16_t PROGMEM logo_france[] = {0xFFFF,0xFFFF,0xFFFF,0xFFFF,0xFFFF,0xFFFF,0xFFFF,0xFFFF,0xFFFF,0xFFFF,0xFFFF,0xF842,0xF863,0xF863,0xF863,0xF863,0xF863,0xF863,0xF863,0xF822,0xFFFF,0xFFFF,0xFFFF,0xFFFF,0xFFFF,0xFFFF,0xFFFF,0xFFFF,0xFFFF,0xFFFF,0xFF9E,0xF8A4,0xF8A4,0xF8A4,0xF8A4,0xF8A4,0xF8A4,0xF8A4,0xF8A4,0xFFFF,0xFFFF,0xFFFF,0xFFFF,0xFFFF,0xFFFF,0xFFFF,0xFFFF,0xFFFF,0xFFFF,0xFFFF,0xF8A4,0xF8A4,0xF8A4,0xF8A4,0xF8A4,0xF8A4,0xF8A4,0xF8A4,0xFFFF,0xFFFF,0xFFFF,0xFFFF,0xFFFF,0xFFFF,0xFFFF,0xFFFF,0xFFFF,0xFFFF,0xFFFF,0xF884,0xF8A4,0xF8A4,0xF8A4,0xF8A4,0xF8A4,0xF8A4,0xF8A4,0xF800,0xFFFF,0xFFFF,0xFFFF,0xFFFF,0xFFFF,0xFFFF,0xFFFF,0xFFFF,0xFFFF,0xFFFF,0xFD76,0xF8A4,0xF8A4,0xF8A4,0xF8A4,0xF8A4,0xF8A4,0xF8A4,0xF8A4,0xFFFF,0xFFFF,0xFFFF,0xFFFF,0xFFFF,0xFFFF,0xFFFF,0xFFFF,0xFFFF,0xFFFF,0xFFFF,0xF8A4,0xF8A4,0xF8A4,0xF8A4,0xF8A4,0xF8A4,0xF8A4,0xF8A4,0xFFFF,0xFFFF,0xFFFF,0xFFFF,0xFFFF,0xFFFF,0xFFFF,0xFFFF,0xFFFF,0xFFFF,0xFFFF,0xF884,0xF8A4,0xF8A4,0xF8A4,0xF8A4,0xF8A4,0xF8A4,0xF8A4,0xFAEC,0xFFFF,0xFFFF,0xFFFF,0xFFFF,0xFFFF,0xFFFF,0xFFFF,0xFFFF,0xFFFF,0xFFFF,0xFBAF,0xF8A4,0xF8A4,0xF8A4,0xF8A4,0xF8A4,0xF8A4,0xF8A4,0xF884,0xFFFF,0xFFFF,0xFFFF,0xFFFF,0xFFFF,0xFFFF,0xFFFF,0xFFFF,0xFFFF,0xFFFF,0xFFFF,0xF8A4,0xF8A4,0xF8A4,0xF8A4,0xF8A4,0xF8A4,0xF8A4,0xF8A4,0xFFFF,0xFFFF,0xFFFF,0xFFFF,0xFFFF,0xFFFF,0xFFFF,0xFFFF,0xFFFF,0xFFFF,0xFFFF,0xF8A4,0xF8A4,0xF8A4,0xF8A4,0xF8A4,0xF8A4,0xF8A4,0xF8A4,0xFD15,0xFFFF,0xFFFF,0xFFFF,0xFFFF,0xFFFF,0xFFFF,0xFFFF,0xFFFF,0xFFFF,0xFFFF,0xF882,0xF8A4,0xF8A4,0xF8A4,0xF8A4,0xF8A4,0xF8A4,0xF8A4,0xF884,0xFFFF,0xFFFF,0xFFFF,0xFFFF,0xFFFF,0xFFFF,0xFFFF,0xFFFF,0xFFFF,0xFFFF,0xFFFF,0xF8A4,0xF8A4,0xF8A4,0xF8A4,0xF8A4,0xF8A4,0xF8A4,0xF8A4,0xFFFF,0xFFFF,0xFFFF,0xFFFF,0xFFFF,0xFFFF,0xFFFF,0xFFFF,0xFFFF,0xFFFF,0xF926,0xF8A4,0xF8A4,0xF8A4,0xF8A4,0xF8A4,0xF8A4,0xF8A4,0xF8A4,0xFFFF,0xFFFF,0xFFFF,0xFFFF,0xFFFF,0xFFFF,0xFFFF,0xFFFF,0xFFFF,0xF800,0xF821,0xF821,0xF821,0xF821,0xF821,0xF821,0xF821,0xF821,0xFFDF,0xFFFF,0xFFFF,0xFFFF,0xFFFF,0xFFFF,0xFFFF,0xFFFF,0xFFFF,0xFFFF,0xFFFF};

// ========== BritishAirways (17x5) ==========
static const uint16_t PROGMEM logo_british[] = {0xEA21,0xF9E0,0xF9E0,0xF9E0,0xF9E0,0xF9E0,0xF9E0,0xF9E0,0xF9E0,0xF9E0,0xF9E0,0xF9E0,0xF9E0,0xF9E0,0xF9E0,0xF9E0,0xFFFF,0xFFFF,0xFFFF,0xFEF9,0xF9E0,0xF9E0,0xF9E0,0xF9E0,0xF9E0,0xF9E0,0xF9E0,0xF9E0,0xF9E0,0xF9E0,0xF9E0,0xF9E0,0xF9E0,0xF9E0,0xFFFF,0xFFFF,0xFFFF,0xFFFF,0xFFFF,0xFFFF,0xFFFF,0xFFFF,0xFFFF,0xFFFF,0xFFFF,0xFFFF,0xFFFF,0xFFFF,0xFFFF,0x0A34,0x0A34,0xFFFF,0xFFFF,0xFFFF,0xFFFF,0xFFFF,0xFFFF,0xFFFF,0xFFFF,0xFFFF,0xFFFF,0xFFFF,0xFFFF,0x1234,0x0A34,0x0A34,0x0A34,0x0A34,0xFFFF,0xFFFF,0xFFFF,0xFFFF,0xFFFF,0xFFFF,0xFFFF,0xFFFF,0xFFFF,0xFFFF,0xFFFF,0xFFFF,0x0A34,0x0A34,0x0A34,0xFFFF,0xFFFF};

// ========== qatar (20x20) ==========
static const uint16_t PROGMEM logo_qatar[] = {0xFFFF,0xFFFF,0xFFFF,0xFFFF,0xFFFF,0xFFFF,0xFFFF,0xFFFF,0xFFFF,0xFFFF,0xFFFF,0xFFFF,0xFFFF,0xFFFF,0xFFFF,0xFFFF,0xFFFF,0xFFFF,0xFFFF,0xFFFF,0xFFFF,0xFFFF,0xFFFF,0xFFFF,0xFFFF,0xFFFF,0xFFFF,0xFFFF,0xFFFF,0xFFFF,0xFFFF,0xFFFF,0xFFFF,0xFFFF,0xFFFF,0xFFFF,0xFFDF,0x5826,0xFFFF,0xFFFF,0xFFFF,0xFFFF,0xFFFF,0xFFFF,0xFFFF,0xFFFF,0xFFFF,0xFFFF,0xFFFF,0xFFFF,0xFFFF,0xFFFF,0xFFFF,0xFFFF,0xFFFF,0x5826,0xFFFF,0xFFFF,0xFFFF,0xFFFF,0xFFFF,0xFFFF,0xFFFF,0xFFFF,0xFFFF,0xFFFF,0xFFFF,0xFFFF,0xFFFF,0xFFFF,0xFFFF,0xFFFF,0xFFFF,0x5826,0x9BAF,0xFFFF,0xFFFF,0x5805,0x5845,0xFFFF,0xFFFF,0xFFFF,0xFFFF,0xFFFF,0xFFFF,0xFFFF,0xFFFF,0xFFFF,0xFFFF,0xFFFF,0xFFFF,0x7189,0x5826,0xFFFF,0x71CA,0x5826,0xEF5D,0xFFFF,0xFFFF,0xFFFF,0xFFFF,0xFFFF,0xFFFF,0xFFFF,0xFFFF,0xFFFF,0xFFFF,0xFFFF,0xFFFF,0xFFFF,0x5826,0xFFFF,0x5826,0x5826,0xFFFF,0xFFFF,0xFFFF,0xFFFF,0xFFFF,0xFFFF,0xFFFF,0xFFFF,0xFFFF,0xFFFF,0xFFFF,0xFFFF,0xFFFF,0xFFFF,0xAC33,0x8AED,0x5826,0x5826,0xFFFF,0xFFFF,0xFFFF,0xFFFF,0xFFFF,0xFFFF,0xFFFF,0xFFFF,0xFFFF,0xFFFF,0xFFFF,0xFFFF,0xFFFF,0xFFFF,0xFFFF,0x5826,0x6948,0x5826,0xFFFF,0xFFFF,0xFFFF,0xFFFF,0xFFFF,0xFFFF,0xFFFF,0xFFFF,0xFFFF,0xFFFF,0xFFFF,0xFFFF,0xFFFF,0xFFFF,0xFFFF,0xFFFF,0x5826,0x5826,0x5826,0xD618,0xE6FC,0xF7BE,0xFFFF,0xFFFF,0xFFFF,0xFFFF,0xFFFF,0xFFFF,0xFFFF,0xFFFF,0xFFFF,0xFFFF,0xFFFF,0xFFFF,0xFFFF,0x5826,0x5826,0x5826,0x5826,0x5826,0x826B,0xE6DB,0xFFFF,0xFFFF,0xFFFF,0xFFFF,0xFFFF,0xFFFF,0xFFFF,0xFFFF,0xFFFF,0xFFFF,0xFFFF,0xFFFF,0x5826,0x8B0E,0x5826,0x5826,0x5826,0x5826,0x5826,0xFFFF,0xFFFF,0xFFFF,0xFFFF,0xFFFF,0xFFFF,0xFFFF,0xFFFF,0xFFFF,0xFFFF,0xFFFF,0xFFFF,0x5826,0x5846,0xFFFF,0xFFDF,0x5826,0x5826,0x5826,0x5826,0x5826,0x68E8,0xFFFF,0xFFFF,0xFFFF,0xFFFF,0xFFFF,0xFFFF,0xFFFF,0xFFFF,0xFFFF,0x5826,0x5826,0x5826,0xFFFF,0xFFFF,0x5826,0x5826,0x5826,0x5826,0x5826,0x5826,0x5826,0x5826,0xFFFF,0xFFFF,0xFFFF,0xFFFF,0xFFFF,0xFFFF,0x5806,0x5826,0x5826,0x798B,0xFFFF,0xFFFF,0x5826,0x5826,0x5826,0x8B2E,0xFFFF,0xFFFF,0xFFFF,0xFFFF,0xFFFF,0xFFFF,0xFFFF,0xFFFF,0xFFFF,0xFFFF,0x5826,0x5826,0x5826,0xFFFF,0xFFFF,0x5826,0x5826,0x5826,0x5826,0x5826,0x5826,0x5826,0x5826,0x5826,0xFFFF,0xFFFF,0xFFFF,0xFFFF,0xFFFF,0xFFFF,0x5826,0x5826,0xCDD8,0xFFFF,0xFFFF,0xFFFF,0x5826,0x5826,0x5826,0x5826,0x6908,0xC576,0xEF1C,0xFFDF,0xFFFF,0xFFFF,0xFFFF,0xFFFF,0xFFFF,0xFFFF,0xFFFF,0xFFFF,0xFFFF,0xFFFF,0xFFFF,0xFFFF,0x7A0B,0x5826,0x5826,0x5826,0x5826,0x5825,0x5805,0xFFFF,0xFFFF,0xFFFF,0xFFFF,0xFFFF,0xFFFF,0xFFFF,0xFFFF,0xFFFF,0xFFFF,0xFFFF,0xFFFF,0xFFFF,0xFFFF,0x5826,0x5826,0x5826,0x5826,0x5826,0x5805,0xFFFF,0xFFFF,0xFFFF,0xFFFF,0xFFFF,0xFFFF,0xFFFF,0xFFFF,0xFFFF,0xFFFF,0xFFFF,0xFFFF,0xFFFF,0xFFFF,0xFFFF,0x5826,0x5826,0x5004,0xC556,0xFFFF,0xFFFF,0xFFFF,0xFFFF,0xFFFF,0xFFFF,0xFFFF,0xFFFF,0xFFFF,0xFFFF,0xFFFF,0xFFFF,0xFFFF,0xFFFF,0xFFFF,0xFFFF,0xFFFF,0x5826,0x5826,0xFFFF,0xFFFF,0xFFFF,0xFFFF,0xFFFF,0xFFFF,0xFFFF,0xFFFF};

// ========== singapore (14x19) ==========
static const uint16_t PROGMEM logo_sg[] = {0x0000,0x0000,0x0000,0x0000,0x0000,0x0000,0x0000,0x0000,0x0000,0x0000,0x0000,0x0000,0x0000,0x0000,0x0000,0x0000,0x0000,0x0000,0xFE46,0xFE26,0x0000,0x0000,0x0000,0x0000,0x0000,0x0000,0x0000,0x0000,0x0000,0x0000,0x0000,0x0000,0xFDA6,0xFDA6,0x0000,0x0000,0x0000,0x0000,0x0000,0x0000,0x0000,0x0000,0x0000,0x0000,0x0000,0xFE46,0xFE46,0xFE26,0xFDE6,0x0000,0x0000,0x0000,0x0000,0x0000,0x0000,0x0000,0x0000,0x0000,0xFDC6,0xFDC6,0x0000,0xFDC6,0xFD86,0xDCE5,0x0000,0x0000,0x0000,0x0000,0x0000,0x0000,0x0000,0x0000,0xFE26,0xFE46,0xFE46,0x0000,0xFDE6,0xED25,0x0000,0x0000,0x0000,0x0000,0x0000,0x0000,0x0000,0xFDA6,0x0000,0xFDE6,0xFDE6,0xFDC6,0xFDA6,0xE4E5,0xFDA6,0x0000,0x0000,0x0000,0x0000,0x0000,0x0000,0xFDC6,0xFE06,0xFE26,0xFE26,0xFE06,0x0000,0xED25,0xFDC6,0x0000,0x0000,0x0000,0x0000,0x0000,0x0000,0xFDA6,0xFDE6,0xFE06,0xFE06,0xFDE6,0xFDA6,0xE505,0xFDA6,0xFDE6,0x0000,0x0000,0x0000,0x0000,0x0000,0xFDC6,0xFE06,0xFE26,0x0000,0xFE06,0xFDC6,0xED25,0xFDC6,0xFE06,0xFE26,0x0000,0x0000,0x0000,0x0000,0x0000,0xFE06,0xFE26,0xFE26,0xFE06,0xFDC6,0xED25,0x0000,0xFE06,0xFE26,0x0000,0x0000,0x0000,0x0000,0x0000,0x0000,0xFE06,0xFE06,0x0000,0xFDA6,0xE505,0x0000,0xFDE6,0xFE06,0x0000,0x0000,0x0000,0x0000,0x0000,0x0000,0xFE26,0xFE26,0xFE06,0xFDC6,0xED25,0x0000,0xFE06,0x0000,0x0000,0x0000,0x0000,0x0000,0x0000,0x0000,0x0000,0xFDE6,0xFDC6,0xFDA6,0xE4E5,0xFDA6,0xFDC6,0xFDE6,0xFDE6,0xFDC6,0xFDA6,0x0000,0x0000,0x0000,0x0000,0xFE46,0x0000,0xFDE6,0x0000,0xFDE6,0x0000,0xFE46,0x0000,0xFE26,0xFDE6,0x0000,0x0000,0x0000,0xFDC6,0xFDC6,0xFDC6,0x0000,0xDCE5,0x0000,0xFDC6,0x0000,0x0000,0xFDC6,0x0000,0x0000,0x0000,0x0000,0xFE46,0xFE46,0xFE26,0xFDE6,0xED45,0xFDE6,0xFE26,0x0000,0xFE46,0x0000,0x0000,0x0000,0x0000,0xFDA6,0x0000,0xFDA6,0x0000,0xF565,0xDCC5,0xF565,0x0000,0xFDA6,0xFDA6,0x0000,0x0000,0x0000,0xFDE6,0xFE26,0xFE46,0xFE46,0xFE26,0xFDE6,0xED45,0xFDE6,0xFE26,0xFE46,0x0000,0x0000,0x0000};

// ========== asiana (20x20) ==========
static const uint16_t PROGMEM logo_asiana[] = {0xFFFF,0xFFFF,0xFFFF,0xFFFF,0xFFFF,0xFFFF,0xFFFF,0xFFFF,0xFFFF,0xFFFF,0xFFFF,0xFFFF,0xFFFF,0xFFFF,0xFFFF,0xFFFF,0xFFFF,0xFFFF,0xFFFF,0xFFFF,0xFFFF,0xFFFF,0xFFFF,0xFFFF,0xFFFF,0xFFFF,0xFFFF,0xFFFF,0xFFFF,0xFFFF,0xFFFF,0xFFFF,0xFFFF,0xFFFF,0xFFFF,0xFFFF,0xFFFF,0xFFFF,0xFFFF,0xFFFF,0xFFFF,0xFFFF,0xFFFF,0xFFFF,0xFFFF,0xFFFF,0xFFFF,0xFFFF,0xFFFF,0xFFFF,0xFFFF,0xFFFF,0xFFFF,0xFFFF,0xFFDF,0xC04A,0xC04A,0xC84A,0xB534,0xAD33,0xFFFF,0xFFFF,0xFFFF,0xFFFF,0xFFFF,0xFFFF,0xFFFF,0xFFFF,0xFFFF,0xFFFF,0xFFFF,0xFFFF,0xFFFF,0xFFFF,0xC82A,0xC02A,0xC02A,0xC02A,0xAD12,0xAD12,0xFFFF,0xFFFF,0xFFFF,0xFFFF,0xFFFF,0xFFFF,0xFFFF,0xFFFF,0xFFFF,0xFFFF,0xFFFF,0xFFFF,0xFFFF,0xC04A,0xC02A,0xC02A,0xC02A,0xC02A,0xAD13,0xF625,0xFFFF,0xFFFF,0xFFFF,0xFFFF,0xFFFF,0xFFFF,0xFFFF,0xFFFF,0xFFFF,0xFFFF,0xFFFF,0xFFFF,0xC04A,0xC02A,0xC02A,0xC02A,0xC02A,0xC20E,0xFE24,0xFE04,0xFFFF,0xFFFF,0xFFFF,0xFFFF,0xFFFF,0xFFFF,0xFFFF,0xFFFF,0xFFFF,0xFFFF,0xFFFF,0xC06A,0xC02A,0xC02A,0xC02A,0xC02A,0xD887,0xFE24,0xFE04,0xFE04,0xFFFF,0xFFFF,0xFFFF,0xFFFF,0xFFFF,0xFFFF,0xFFFF,0xFFFF,0xFFFF,0xFFFF,0xA808,0xC04A,0xC02A,0xC02A,0xC02A,0xF0E3,0xF0E4,0xFE24,0xFE04,0xFE04,0xFFFF,0xFFFF,0xFFFF,0xFFFF,0xFFFF,0xFFFF,0xFFFF,0xFFFF,0xFFFF,0xFF7E,0xC02A,0xC02A,0xC02A,0xC029,0xE8C4,0xE8C4,0xFE04,0xFE04,0xFE04,0xFE47,0xFFFF,0xFFFF,0xFFFF,0xFFFF,0xFFFF,0xFFFF,0xFFFF,0xFFFF,0xFFFF,0xC02A,0xC02A,0xC02A,0xC82A,0xE8C4,0xE8C4,0xE8C4,0xFE04,0xFE04,0xFE04,0xFF55,0xFFFF,0xFFFF,0xFFFF,0xFFFF,0xFFFF,0xFFFF,0xFFFF,0xFFFF,0xC02A,0xC02A,0xC02A,0xD046,0xE8C4,0xE8C4,0xE8C4,0xE8C4,0xFE24,0xFE04,0xFE04,0xFFFE,0xFFFF,0xFFFF,0xFFFF,0xFFFF,0xFFFF,0xFFFF,0xFFFF,0xC02A,0xC02A,0xC02A,0xE8C5,0xE8C4,0xE8C4,0xE8C4,0xE8C4,0xFE24,0xFE04,0x41E8,0x21D2,0xFFFF,0xFFFF,0xFFFF,0xFFFF,0xFFFF,0xFFFF,0xFFFF,0xC06A,0xC02A,0xC02A,0xE8E4,0xE8C4,0xE8C4,0xE8C4,0xE8C4,0xF0C5,0x942C,0x21B2,0x21B2,0x21B2,0xFFFF,0xFFFF,0xFFFF,0xFFFF,0xFFFF,0xFFFF,0xC0AA,0xC02A,0xC02A,0xE8E4,0xE8C4,0xE8C4,0xE8C4,0xE8C4,0xE8E3,0x2992,0x21B2,0x21B2,0x21B2,0x21B2,0xFFFF,0xFFFF,0xFFFF,0xFFFF,0xFFFF,0xF69C,0xC84A,0xC02A,0xE8E4,0xE8C4,0xE8C4,0xE8C4,0xE904,0x4192,0x4972,0x21B2,0x21B2,0x21B2,0x21B2,0x29B2,0xFFFF,0xFFFF,0xFFFF,0xFFFF,0xFFBF,0xC02A,0xC02A,0xF0C4,0xE8C4,0xE8C4,0xE8C4,0x796E,0x4972,0x4972,0x21B2,0x21B2,0x21B2,0x21B2,0x21B2,0x29D2,0xFFFF,0xFFFF,0xFFFF,0xFFDF,0xC02A,0xC02A,0xE8C4,0xE8C4,0xE8C4,0xF0C5,0x5171,0x4972,0x4972,0x4992,0x21B2,0x21B2,0x21B2,0x21B2,0x21B2,0xADBB,0xFFFF,0xFFFF,0xFFFF,0xC84A,0xC02A,0xE8C4,0xE8C4,0xE8E4,0x994C,0x4192,0x4972,0x4972,0x4972,0x21B1,0x21B2,0x21B2,0x21B2,0x21B2,0x21B2,0xFFFF,0xFFFF,0xFF3E,0xC84A,0xC82A,0xE8E4,0xE8C4,0xE8C4,0x39B1,0x4171,0x4972,0x4972,0x4972,0x31D2,0x21D2,0x21D2,0x21D2,0x21D2,0x21D2,0x21D2,0xFFFF,0xFFFF,0xFFFF,0xFFFF,0xFFFF,0xFFFF,0xFFFF,0xFFFF,0xFFFF,0xFFFF,0xFFFF,0xFFFF,0xFFFF,0xFFFF,0xFFFF,0xFFFF,0xFFFF,0xFFFF,0xFFFF,0xFFFF,0xFFFF,0xFFFF};

// ========== virgin (20x20) ==========
static const uint16_t PROGMEM logo_virgin[] = {0x0000,0x0000,0x0000,0x0000,0x0000,0x0000,0x0000,0x0000,0x0000,0x0000,0xC905,0x0000,0x0000,0x0000,0x0000,0x0000,0x0000,0x0000,0x0000,0x0000,0x0000,0x0000,0x0000,0x0000,0x0000,0x0000,0xC905,0xC905,0xC905,0xC905,0xC905,0xC905,0xC905,0xC905,0xC905,0x0000,0x0000,0x0000,0x0000,0x0000,0x0000,0x0000,0x0000,0x0000,0x0000,0xC905,0xC905,0xC905,0xC905,0xC905,0xFFFF,0xC905,0xC905,0xC905,0xC905,0xC905,0x0000,0x0000,0x0000,0x0000,0x0000,0x0000,0x0000,0xC905,0xC905,0xC905,0xC905,0xC905,0xC905,0xC905,0xC905,0xC905,0xC905,0xC905,0xC905,0xC905,0xC905,0xC905,0x0000,0x0000,0x0000,0x0000,0xC905,0xC905,0xC905,0xC905,0xC905,0xC905,0xC905,0xC905,0xC905,0xC905,0xC905,0xC905,0xC905,0xC905,0xC905,0xC905,0x0000,0x0000,0x0000,0x0000,0xC905,0xC905,0xC905,0xC905,0xC905,0xC905,0xC905,0xC905,0xC905,0xC905,0xC905,0xC905,0xC905,0xC905,0xC905,0xC905,0xC905,0x0000,0x0000,0xC905,0xC905,0xC905,0xC905,0xC905,0xC905,0xC905,0xC905,0xC905,0xC905,0xC905,0xC905,0xC905,0xC905,0xFFFF,0xC905,0xC905,0xC905,0xC905,0x0000,0xC905,0xC905,0xC905,0xC905,0xC905,0xC905,0xFFFF,0xC905,0xC905,0xC905,0xC905,0xC905,0xC905,0xFFFF,0xFFFF,0xC905,0xC905,0xC905,0xC905,0x0000,0xC905,0xC905,0xC905,0xFFFF,0xC905,0xC905,0xC905,0xFFFF,0xC905,0xC905,0xFFFF,0xC905,0xC905,0xFFFF,0xFFFF,0xC905,0xFFFF,0xFFFF,0xC905,0x0000,0xC905,0xC905,0xC905,0xFFFF,0xC905,0xC905,0xC905,0xC905,0xFFFF,0xFFFF,0xFFFF,0xFFFF,0xC905,0xC905,0xFFFF,0xC905,0xC905,0xC905,0xC905,0xC905,0xC905,0xC905,0xFFFF,0xC905,0xC905,0xFFFF,0xC905,0xC905,0xC905,0xFFFF,0xFFFF,0xC905,0xFFFF,0xFFFF,0xC905,0xC905,0xC905,0xC905,0xC905,0x0000,0xC905,0xC905,0xC905,0xC905,0xC905,0xC905,0xC905,0xC905,0xC905,0xFFFF,0xFFFF,0xFFFF,0xC905,0xC905,0xC905,0xC905,0xC905,0xC905,0xC905,0x0000,0xC905,0xC905,0xC905,0xC905,0xC905,0xC905,0xFFFF,0xC905,0xC905,0xC905,0xFFFF,0xC905,0xC905,0xC905,0xC905,0xC905,0xC905,0xC905,0xC905,0x0000,0xC905,0xC905,0xC905,0xC905,0xFFFF,0xC905,0xC905,0xC905,0xC905,0xFFFF,0xFFFF,0xC905,0xC905,0xC905,0xC905,0xC905,0xC905,0xC905,0xC905,0x0000,0xC905,0xC905,0xC905,0xC905,0xFFFF,0xC905,0xC905,0xC905,0xC905,0xC905,0xFFFF,0xC905,0xC905,0xC905,0xC905,0xC905,0xC905,0xC905,0xC905,0x0000,0x0000,0xC905,0xC905,0xC905,0xFFFF,0xC905,0xFFFF,0xC905,0xC905,0xC905,0xFFFF,0xC905,0xC905,0xC905,0xC905,0xC905,0xC905,0xC905,0x0000,0x0000,0x0000,0x0000,0xC905,0xC905,0xC905,0xFFFF,0xC905,0xC905,0xC905,0xC905,0xFFFF,0xC905,0xC905,0xC905,0xC905,0xC905,0xC905,0x0000,0x0000,0x0000,0x0000,0x0000,0xC905,0xC905,0xC905,0xC905,0xC905,0xC905,0xC905,0xC905,0xFFFF,0xC905,0xC905,0xC905,0xC905,0xC905,0xC905,0x0000,0x0000,0x0000,0x0000,0x0000,0x0000,0x0000,0xC905,0xC905,0xC905,0xC905,0xC905,0xC905,0xFFFF,0xC905,0xC905,0xC905,0xC905,0x0000,0x0000,0x0000,0x0000,0x0000,0x0000,0x0000,0x0000,0x0000,0x0000,0xC905,0xC905,0xC905,0xC905,0xC905,0xC905,0xC905,0xC905,0xC905,0x0000,0x0000,0x0000,0x0000,0x0000};

// ========== spirit (20x20) ==========
static const uint16_t PROGMEM logo_spirit[] = {0xFF60,0xFF60,0xFF60,0xFF60,0xFF60,0xFF60,0xFF60,0xFF60,0xFF60,0xFF60,0xFF60,0xFF60,0xFF60,0xFF60,0xFF60,0xFF60,0xFF60,0xFF60,0xFF60,0xFF60,0xFF60,0xFF60,0xFF60,0xFF60,0xFF60,0xFF60,0xFF60,0xFF60,0xFF60,0xFF60,0xFF60,0xFF60,0xFF60,0xFF60,0xFF60,0xFF60,0xFF60,0xFF60,0xFF60,0xFF60,0xFF60,0xFF60,0xFF60,0xFF60,0xFF60,0xFF60,0xFF60,0xFF60,0xFF60,0xFF60,0xFF60,0xFF60,0xFF60,0xFF60,0xFF60,0xFF60,0xFF60,0xFF60,0xFF60,0xFF60,0xFF60,0xFF60,0xFF60,0xFF60,0xFF60,0xFF60,0xFF60,0xFF60,0xFF60,0xFF60,0xFF60,0xFF80,0xFF60,0xFF60,0xFF60,0xFF60,0xFF60,0xFF60,0xFF60,0xFF60,0xFF60,0xFF60,0xFF60,0xFF60,0xFF60,0xFF60,0xFF80,0xFF80,0xFF60,0xCE08,0x0000,0x0000,0x0001,0xE66C,0xEF40,0xFF80,0xFF80,0xFF60,0xFF60,0xFF60,0xFF60,0xFF60,0xFF60,0xFF60,0xFF60,0xFF81,0x0002,0x0000,0x0000,0x0000,0x0000,0x0000,0x0000,0x0000,0x0000,0x0000,0xE726,0xFF80,0xFF60,0xFF60,0xFF60,0xFF60,0xFF60,0xFF60,0xFF80,0x0021,0x0000,0x0000,0x0000,0x0000,0x0001,0x0020,0x0000,0x0000,0x0000,0x0000,0x0000,0xFF42,0xFF60,0xFF60,0xFF60,0xFF60,0xFF60,0xFF60,0xFF64,0x0000,0x0000,0x0000,0x0000,0xFF81,0xFF80,0xFF80,0xFF61,0x0000,0x0000,0x0000,0x0000,0xFF82,0xFF60,0xFF60,0xFF60,0xFF60,0xFF60,0xFF80,0x0800,0x0000,0x0000,0x0000,0x0000,0x0800,0xC5CA,0xFF43,0xFF20,0xFF80,0xFF60,0xFF80,0xFF60,0xFF60,0xFF60,0xFF60,0xFF60,0xFF60,0xFF60,0xFF80,0xCE28,0x0000,0x0000,0x0000,0x0000,0x0000,0x0000,0x0000,0x0000,0x0000,0x0020,0x0822,0xFF80,0xFF60,0xFF60,0xFF60,0xFF60,0xFF60,0xFF60,0xFF60,0xFF80,0xA4E9,0x0020,0x0021,0x0000,0x0000,0x0000,0x0000,0x0000,0x0000,0x0000,0x0000,0x0841,0xFF80,0xFF60,0xFF60,0xFF60,0xFF60,0xFF60,0xFF80,0xFF80,0xFF80,0xFF80,0xFF60,0xFF61,0xFF41,0xF765,0x7B87,0x0001,0x0000,0x0000,0x0000,0x0020,0xFF80,0xFF60,0xFF60,0xFF60,0xFF60,0xFF60,0x0000,0x0000,0x0000,0x0000,0x0000,0xFF61,0xFF60,0xFF80,0xFF80,0x0000,0x0000,0x0000,0x0000,0x0020,0xFF60,0xFF60,0xFF60,0xFF60,0xFF60,0xFF60,0x2902,0x0000,0x0000,0x0000,0x0000,0x0000,0x0000,0x0000,0x0000,0x0000,0x0000,0x0000,0x0001,0xFF80,0xFF60,0xFF60,0xFF60,0xFF60,0xFF60,0xFF60,0xFF40,0x0000,0x0000,0x0000,0x0000,0x0000,0x0000,0x0000,0x0000,0x0000,0x0000,0x0000,0xF740,0xFF60,0xFF60,0xFF60,0xFF60,0xFF60,0xFF60,0xFF60,0xFF60,0xFF80,0xFF60,0xF784,0x8C28,0x0820,0x0000,0x1880,0x9C87,0xF783,0xFF80,0xFF80,0xFF60,0xFF60,0xFF60,0xFF60,0xFF60,0xFF60,0xFF60,0xFF60,0xFF60,0xFF60,0xFF60,0xFF60,0xFF60,0xFF60,0xFF60,0xFF60,0xFF60,0xFF60,0xFF60,0xFF60,0xFF60,0xFF60,0xFF60,0xFF60,0xFF60,0xFF60,0xFF60,0xFF60,0xFF60,0xFF60,0xFF60,0xFF60,0xFF60,0xFF60,0xFF60,0xFF60,0xFF60,0xFF60,0xFF60,0xFF60,0xFF60,0xFF60,0xFF60,0xFF60,0xFF60,0xFF60,0xFF60,0xFF60,0xFF60,0xFF60,0xFF60,0xFF60,0xFF60,0xFF60,0xFF60,0xFF60,0xFF60,0xFF60,0xFF60,0xFF60,0xFF60,0xFF60,0xFF60,0xFF60,0xFF60,0xFF60,0xFF60,0xFF60,0xFF60,0xFF60,0xFF60,0xFF60,0xFF60,0xFF60,0xFF60,0xFF60,0xFF60,0xFF60,0xFF60,0xFF60,0xFF60,0xFF60,0xFF60,0xFF60,0xFF60};

// ========== allegiant (20x10) ==========
static const uint16_t PROGMEM logo_allegiant[] = {0xFFFF,0xFFFF,0xFFFF,0xFFFF,0xFFFF,0xFFFF,0xFFFF,0xFFFF,0xFFFF,0xFFFF,0xF4CB,0xFFFF,0xFFFF,0xFFFF,0xFFFF,0xFFFF,0xFFFF,0xFFFF,0xFFFF,0xFFFF,0xFFFF,0xFFFF,0xFFFF,0xFFFF,0xFFFF,0xFFFF,0xFFFF,0xF403,0xFFFF,0xFFFF,0xF404,0xFFFF,0xFFFF,0xF403,0xFFFF,0xFFFF,0xFFFF,0xFFFF,0xFFFF,0xFFFF,0xFFFF,0xFFFF,0xFFFF,0xFFFF,0xFFFF,0xFFFF,0xFFFF,0xFFFF,0xFFFF,0xFFFF,0xF404,0xFFFF,0xFFFF,0xFFFF,0xFFFF,0xFFFF,0xFFFF,0xFFFF,0xFFFF,0xFFFF,0xFFFF,0xFFFF,0xFFFF,0xFFFF,0xFFFF,0xF404,0xFFFF,0xFFFF,0xF404,0xFFFF,0xF404,0xFFFF,0xF404,0xFFFF,0xFFFF,0xF404,0xFFFF,0xFFFF,0xFFFF,0xFFFF,0xFFFF,0xFFFF,0xF3E2,0xFFFF,0xFFFF,0xFFFF,0xF404,0xFFFF,0xF404,0xFFFF,0xF404,0xFFFF,0xF404,0xFFFF,0xF404,0xFFFF,0xFFFF,0xFFFF,0xF3E2,0xFFFF,0xFFFF,0xFFFF,0xFFFF,0xF404,0xF403,0xFFFF,0xF404,0xF404,0xF404,0xF404,0xF404,0xF404,0xF404,0xF404,0xF404,0xFFFF,0xF403,0xF404,0xFFFF,0xFFFF,0xFFFF,0xFFFF,0xFFFF,0xFFFF,0xF404,0xF404,0xF488,0xF404,0xF404,0xF404,0xFE64,0xF404,0xF404,0xF404,0xF403,0xF404,0xF404,0xFFFF,0xFFFF,0xFFFF,0xFFFF,0xF403,0xF404,0xFF5B,0xFFFF,0xF404,0xF404,0xF404,0xFE84,0xFE64,0xFE64,0xFE64,0xFE84,0xF404,0xF404,0xF404,0xFFFF,0xFF7C,0xF404,0xF404,0xFFFF,0xFFFF,0xFFFF,0xF403,0xF404,0xF404,0xF404,0xFDE4,0xF404,0xFE64,0xFE64,0xFE64,0xF404,0xF504,0xF404,0xF404,0xF404,0xF404,0xFFFF,0xFFFF,0xFFFF,0xFFFF,0xFFFF,0xFFFF,0xFFFF,0xF404,0xF404,0xFE64,0xFE64,0xFE64,0xFE64,0xFE64,0xFE64,0xFE64,0xF404,0xF404,0xFFFF,0xFFFF,0xFFFF,0xFFFF};

// ========== tahiti (20x20) ==========
static const uint16_t PROGMEM logo_tahiti[] = {0x01AC,0x01AC,0x01AC,0x01AC,0x01AC,0x01AC,0x01AC,0x01AC,0x01AC,0x01AC,0x01AC,0x01AC,0x01AC,0x01AC,0x01AC,0x01AC,0x01AC,0x01AC,0x01AC,0x01AC,0x01AC,0x01AC,0x01AC,0x01AC,0x01AC,0x01AC,0x01AC,0x01AC,0x01AC,0x01AC,0x01AC,0x01AC,0x01AC,0x01AC,0x01AC,0x01AC,0x01AC,0x01AC,0x01AC,0x01AC,0x01AC,0x01AC,0x01AC,0x01AC,0x01AC,0x01AC,0x01AC,0x01AC,0x01AC,0x01AC,0x01AC,0x01AC,0x01AC,0x01AC,0x01AC,0x01AC,0x01AC,0x01AC,0x01AC,0x01AC,0x01AC,0x01AC,0x01AC,0x01AC,0x01AC,0x01AC,0x01AC,0x01AC,0x01AC,0x01AC,0x01AC,0x01AC,0x01AC,0x01AC,0x01AC,0x01AC,0x01AC,0x01AC,0x01AC,0x01AC,0x01AC,0x01AC,0x01AC,0x01AC,0x01AC,0x01AC,0x018C,0xFFFF,0x01AC,0x01AC,0x01AC,0x01AC,0xFFFF,0x01AC,0x01AC,0x01AC,0x01AC,0x01AC,0x01AC,0x01AC,0x01AC,0x01AC,0x01AC,0x01AC,0x01AC,0x01AC,0xFFFF,0xFFFF,0x018C,0x01AC,0x01AC,0xFFFF,0xFFFF,0x01AC,0x01AC,0x01AC,0x01AC,0x01AC,0x01AC,0x01AC,0x01AC,0x01AC,0x01AC,0x01AC,0x01AC,0x01AC,0x11ED,0xFFFF,0xFFFF,0x01AC,0x01AC,0xFFFF,0xFFFF,0x01AC,0x01AC,0x01AC,0x01AC,0x01AC,0x01AC,0x01AC,0x01AC,0x01AC,0x01AC,0x016B,0x01AC,0x01AC,0x01AC,0xFFFF,0xFFFF,0x01AC,0xFFFF,0xFFFF,0x01AC,0x01AC,0xFFFF,0xFFFF,0x01AC,0x01AC,0x01AC,0x01AC,0x01AC,0x01AC,0x01AC,0xFFFF,0xFFFF,0xFFFF,0x6C33,0x01AC,0xFFFF,0xFFFF,0xFFFF,0xFFFF,0x5391,0xFFFF,0xFFFF,0xFFFF,0x01AC,0x01AC,0x01AC,0x01AC,0x01AC,0x01AC,0x01AC,0x01AC,0xFFFF,0xFFFF,0xFFFF,0xFFFF,0xADB8,0xFFFF,0xFFFF,0xE75D,0xFFFF,0xFFFF,0x01AC,0x01AC,0x01AC,0x01AC,0x01AC,0x01AC,0x01AC,0x01AC,0x01AC,0x01AC,0x01AC,0xFFFF,0xFFFF,0xFFFF,0xFFFF,0xFFFF,0x5351,0xFFFF,0xFFFF,0xC65A,0x01AC,0x01AC,0x01AC,0x01AC,0x01AC,0x01AC,0x01AC,0x01AC,0x01AC,0x01AC,0x01AC,0x01AC,0x01AC,0x01AC,0x01AC,0xFFFF,0xFFFF,0xFFFF,0xFFFF,0xFFFF,0xFFFF,0xFFFF,0x01AC,0x01AC,0x01AC,0x01AC,0x01AC,0x01AC,0x01AC,0x01AC,0x01AC,0x01AC,0x016C,0xFFFF,0xFFFF,0xFFFF,0xFFFF,0xFFFF,0x018C,0x094B,0xFFFF,0xFFFF,0xFFFF,0x01AC,0x01AC,0x01AC,0x01AC,0x01AC,0x01AC,0x01AC,0x01AC,0xFFFF,0xFFFF,0xFFFF,0xFFFF,0x01AC,0x63F3,0xFFFF,0xFFFF,0x01AC,0x01AC,0x01AC,0x01AC,0x01AC,0x01AC,0x01AC,0x01AC,0x01AC,0x01AC,0x01AC,0xADD8,0xFFFF,0xFFFF,0xFFFF,0x01AC,0x01AC,0x01AC,0xFFFF,0xFFFF,0x01AC,0x01AC,0x01AC,0x01AC,0x01AC,0x01AC,0x01AC,0x01AC,0x01AC,0x01AC,0x01AC,0x01AC,0x01AC,0x01AC,0x01AC,0x01AC,0x01AC,0x01AC,0xFFFF,0xFFFF,0x01AC,0x01AC,0x01AC,0x01AC,0x01AC,0x01AC,0x01AC,0x01AC,0x01AC,0x01AC,0x01AC,0x01AC,0x01AC,0x01AC,0x01AC,0x01AC,0x01AC,0x01AC,0x01AC,0xFFFF,0x01AC,0x01AC,0x01AC,0x01AC,0x01AC,0x01AC,0x01AC,0x01AC,0x01AC,0x01AC,0x01AC,0x01AC,0x01AC,0x01AC,0x01AC,0x01AC,0x01AC,0x01AC,0x01AC,0x01AC,0x01AC,0x01AC,0x01AC,0x01AC,0x01AC,0x01AC,0x01AC,0x01AC,0x01AC,0x01AC,0x01AC,0x01AC,0x01AC,0x01AC,0x01AC,0x01AC,0x01AC,0x01AC,0x01AC,0x01AC,0x01AC,0x01AC,0x01AC,0x01AC,0x01AC,0x01AC,0x01AC,0x01AC,0x01AC,0x01AC,0x01AC,0x01AC,0x01AC,0x01AC,0x01AC,0x01AC,0x01AC,0x01AC,0x01AC,0x01AC,0x01AC,0x01AC,0x01AC,0x01AC,0x01AC,0x01AC,0x01AC};

// ========== frontier (20x20) ==========
static const uint16_t PROGMEM logo_frontier[] = {0x0225,0x0225,0x0225,0x0225,0x0225,0x0225,0x0225,0x0225,0x0225,0x0225,0x0225,0x0225,0x0225,0x0225,0x0225,0x0225,0x0225,0x0225,0x0225,0x0225,0x0225,0x0225,0x0225,0x0225,0x0225,0x0225,0x0225,0x0225,0x0225,0x0225,0x0225,0x0225,0x0225,0x0225,0x0225,0x0225,0x0225,0x0225,0x0225,0x0225,0x0225,0x0225,0x0225,0x0225,0x0225,0x0225,0x0225,0x0225,0x0225,0x0225,0x0225,0x0225,0x0225,0x0225,0x0225,0x0225,0x0225,0x0225,0x0225,0x0225,0x0225,0x0225,0x0225,0x0225,0x0225,0x0225,0x0225,0x0225,0x0225,0x0225,0x0225,0x0225,0x0225,0x0225,0x0225,0x0225,0x0225,0x0225,0x0225,0x0225,0x0225,0x0225,0x0225,0x0225,0x0225,0x0225,0x0225,0x0225,0x0225,0x0225,0x0225,0x0225,0x0225,0x0225,0x0225,0x0225,0x0225,0x0225,0x0225,0x0225,0x0225,0x0225,0x0225,0x0225,0x0225,0x0225,0x0225,0x0225,0x0225,0x0225,0x0225,0x0225,0x0225,0x0225,0x0225,0x0225,0x0225,0x0225,0x0225,0x0225,0x0225,0x0225,0x0225,0x0225,0x0225,0x0225,0x0225,0xDFFC,0xDFFA,0xDFFA,0xDFFA,0xDFFA,0xDFFA,0xDFFA,0xDFFA,0xDFFB,0x0225,0x0225,0x0225,0x0225,0x0225,0x0225,0x0225,0x0225,0x0225,0x0225,0x0225,0xD7DA,0xDFFA,0xDFFA,0xDFFA,0xDFFA,0xDFFA,0xDFFA,0xDFFA,0x5CAE,0x0225,0x0225,0x0225,0x0225,0x0225,0x0225,0x0225,0x0225,0x0225,0x0226,0x0225,0x1286,0x0A25,0x0A05,0x0A05,0x0A05,0x0A05,0x0224,0x0204,0x0225,0x0225,0x0225,0x0225,0x0225,0x0225,0x0225,0x0225,0x0225,0x0225,0x0225,0x0225,0xDFFA,0xDFFA,0xDFFA,0xDFFA,0xDFFA,0xDFFA,0xDFFA,0xD7FB,0x0225,0x0225,0x0225,0x0225,0x0225,0x0225,0x0225,0x0225,0x0225,0x0225,0x0225,0xDFFB,0xDFFA,0xDFFA,0xDFFA,0xDFFA,0xDFFA,0xDFFA,0xDFFA,0x0A65,0x0225,0x0225,0x0225,0x0225,0x0225,0x0225,0x0225,0x0225,0x0225,0x0225,0x0245,0xDFFA,0xDFFA,0xDFFA,0xDFFA,0xDFFA,0xDFFA,0xDFFA,0xCFDA,0x0205,0x0225,0x0225,0x0225,0x0225,0x0225,0x0225,0x0225,0x0225,0x0225,0x0225,0x0246,0xBF79,0xD7FB,0xD7FB,0xD7FB,0x0225,0x0225,0x0225,0x0225,0x0225,0x0225,0x0225,0x0225,0x0225,0x0225,0x0225,0x0225,0x0225,0x0225,0x0225,0xD7FC,0xDFFA,0xDFFA,0xDFFA,0xDFFA,0x0225,0x0225,0x0225,0x0225,0x0225,0x0225,0x0225,0x0225,0x0225,0x0225,0x0225,0x0225,0x0225,0x0225,0x0225,0xDFFA,0xDFFA,0xDFFA,0xDFFB,0x0A46,0x0225,0x0225,0x0225,0x0225,0x0225,0x0225,0x0225,0x0225,0x0225,0x0225,0x0225,0x0225,0x0225,0x0225,0x0225,0x0225,0x0225,0x0225,0x0A66,0x0245,0x0225,0x0225,0x0225,0x0225,0x0225,0x0225,0x0225,0x0225,0x0225,0x0225,0x0225,0x0225,0x0225,0x0225,0x0225,0x0225,0x0225,0x0225,0x0225,0x0225,0x0225,0x0225,0x0225,0x0225,0x0225,0x0225,0x0225,0x0225,0x0225,0x0225,0x0225,0x0225,0x0225,0x0225,0x0225,0x0225,0x0225,0x0225,0x0225,0x0225,0x0225,0x0225,0x0225,0x0225,0x0225,0x0225,0x0225,0x0225,0x0225,0x0225,0x0225,0x0225,0x0225,0x0225,0x0225,0x0225,0x0225,0x0225,0x0225,0x0225,0x0225,0x0225,0x0225,0x0225,0x0225,0x0225,0x0225,0x0225,0x0225,0x0225,0x0225,0x0225,0x0225,0x0225,0x0225,0x0225,0x0225,0x0225,0x0225,0x0225,0x0225,0x0225,0x0225,0x0225,0x0225,0x0225,0x0225,0x0225,0x0225,0x0225};

// ========== Fedex (20x21) ==========
static const uint16_t PROGMEM logo_fedex[] = {0xFFFF,0xFFFF,0xFFFF,0xFFFF,0xFFFF,0xFFFF,0xFFFF,0xFFFF,0xFFFF,0xFFDF,0x97BF,0xFFFF,0xFFFF,0xFFFF,0xFFFF,0xFFFF,0xFFFF,0xFFFF,0xFFFF,0xFFFF,0xFFFF,0xFFFF,0xFFFF,0xFFFF,0xFFFF,0xFFFF,0xFFFF,0xFFFF,0xFFFF,0x051C,0x051C,0x051C,0xFFFF,0xFFFF,0xFFFF,0xFFFF,0xFFFF,0xFFFF,0xFFFF,0xFFFF,0xFFFF,0xFFFF,0xFFFF,0xFFFF,0xFFFF,0xFFFF,0xFFFF,0xFFFF,0x04FC,0x051C,0x051C,0x051C,0x55DB,0xFFFF,0xFFFF,0xFFFF,0xFFFF,0xFFFF,0xFFFF,0xFFFF,0xFFFF,0xFFFF,0xFFFF,0xFFFF,0xFFFF,0xFFFF,0xFFFF,0xFFFF,0x053B,0x051C,0x051C,0x051C,0x051C,0xFFFF,0xFFFF,0xFFFF,0xFFFF,0xFFFF,0xFFFF,0xFFFF,0xFFFF,0xFFFF,0xFFFF,0xFFFF,0xFFFF,0xFFFF,0xFFFF,0xFFFF,0x051C,0x051C,0x051C,0x051C,0x051C,0xFFFF,0xFFFF,0xFFFF,0xFFFF,0xFFFF,0xF7FF,0xFFFF,0xFFFF,0xF3C4,0xF3C4,0xF3C4,0xF3C4,0xF7FF,0xFFFF,0xFFFF,0x051C,0x051C,0x051C,0x051C,0x051C,0xFFFF,0xFFFF,0xFFDF,0x051C,0x051C,0x051C,0x0D1B,0xFFFF,0xF3C4,0xF3C4,0xF3C4,0xF3C4,0xF3C4,0xF3C4,0xF3C5,0x051C,0x051C,0x051C,0x051C,0x051C,0x051B,0x051C,0x051C,0x051C,0x051C,0x051C,0x051C,0xFFFF,0xF3C4,0xF3C4,0xF3C4,0xF3C4,0xF3C4,0xF3C4,0xF3C4,0x4172,0x4972,0x051C,0x051C,0x051C,0x051C,0x051C,0x051C,0x051C,0x051C,0x051C,0x051C,0xFFFF,0xFFFF,0xF3C4,0xF3C4,0xF3C4,0xF3C4,0xF3C4,0xFBC4,0x4172,0x4172,0x4172,0x4972,0x053B,0x051C,0x051C,0x051C,0x051C,0x051C,0x051C,0xFFFF,0xFFFF,0xFFFF,0xFFFF,0xFBA2,0xF3C4,0xF3C4,0xF3C4,0xF3C4,0x4172,0x4172,0x4172,0x4172,0x4172,0x249A,0x051C,0x051C,0x051C,0x051B,0xFFFF,0xFFFF,0xFFFF,0xFFFF,0xFFFF,0xFFFF,0xEBC4,0xF3C4,0xF3C4,0xF3A5,0x4172,0x4172,0x4172,0x4172,0x4172,0x4172,0x4192,0x051C,0x1C98,0xFFFF,0xFFFF,0xFFFF,0xFFFF,0xFFFF,0xFFFF,0xFFFF,0xF56E,0xF3C4,0xF3C4,0xF3C4,0x4172,0x4172,0x4172,0x4172,0x4172,0x4172,0x4172,0x3DAA,0xF7FE,0xFFFF,0xFFFF,0xFFFF,0xFFFF,0xFFFF,0xFFFF,0xF3C3,0xF3C4,0xF3C4,0xF3C4,0xF3C4,0x4172,0x4172,0x4172,0x4172,0x4172,0x39B0,0x3DA9,0x3DA9,0x3DA9,0x3DA9,0xFFFF,0xFFFF,0xFFFF,0xFFFF,0xF3C4,0xF3C4,0xF3C4,0xF3C4,0xF3C4,0xF3C4,0x4172,0x4172,0x4172,0x4193,0x3DA9,0x3DA9,0x3DA9,0x3DA9,0x3DA9,0x3DA9,0x3DA9,0xFFFF,0xFFFF,0xF3C4,0xF3C4,0xF3C4,0xF3C4,0xF3C4,0xF3C4,0xF3A5,0x4172,0x4172,0x3D89,0x3DA9,0x3DA9,0x3DA9,0x3DA9,0x3DA9,0x3DA9,0x3DA9,0x3DA9,0x35C9,0xFFFE,0xF3C4,0xF3C4,0xF3C4,0xF3C4,0xF3C4,0xF3C4,0xF3C4,0x3DA8,0x3DA9,0x3DA9,0x3DA9,0x3DA9,0x3DA9,0x3DA9,0x3DA9,0x3DA9,0x3DA9,0x3DA9,0x3DA9,0xFFFF,0xF3E5,0xF3C4,0xF3C4,0xF3C4,0xED4E,0xFFFF,0xFFFF,0x3DA9,0x3DA9,0x3DA9,0x3DA9,0x3DA9,0xFFFF,0xFFFF,0x4D4B,0x35A9,0x3DA9,0x3DA9,0x3DC8,0xFFFF,0xFFFF,0xE4CC,0xFFFF,0xFFFF,0xFFFF,0xFFFF,0xFFFF,0x3DA9,0x3DA9,0x3DA9,0x3DA9,0x3DA9,0xFFFF,0xFFFF,0xFFFF,0xFFFF,0xFFFF,0x4D4A,0xFFFF,0xFFFF,0xFFFF,0xFFFF,0xFFFF,0xFFFF,0xFFFF,0xFFFF,0xFFFF,0x3DA9,0x3DA9,0x3DA9,0x3DA9,0x3DA9,0xFFFF,0xFFFF,0xFFFF,0xFFFF,0xFFFF,0xFFFF,0xFFFF,0xFFFF,0xFFFF,0xFFFF,0xFFFF,0xFFFF,0xFFFF,0xFFFF,0xFFFF,0x4589,0x3DA9,0x3DA9,0x3DA9,0x558C,0xFFFF,0xFFFF,0xFFFF,0xFFFF,0xFFFF,0xFFFF,0xFFFF,0xFFFF,0xFFFF,0xFFFF,0xFFFF,0xFFFF,0xFFFF,0xFFFF,0xFFFF,0xF7FF,0x3DA9,0x3DA9,0x3DA9,0xFFFF,0xFFFF,0xFFFF,0xFFFF,0xFFFF,0xFFFF,0xFFFF,0xFFFF};

// ========== UPS (17x20) ==========
static const uint16_t PROGMEM logo_ups[] = {0x0000,0x0000,0x0000,0x0000,0x0000,0x0000,0x0000,0x0000,0x0000,0x0000,0x0000,0x0000,0x0000,0x0000,0x0000,0x0000,0x0000,0x0000,0x0000,0x0000,0xFDC0,0xFDC0,0xFDC0,0xFDC0,0xFDC0,0xFDC0,0xFDC0,0xFDC0,0xFDC0,0xFDC0,0xFDC0,0xFDC0,0x0000,0x0000,0x0000,0xFDC0,0xFDC0,0xFDC0,0xFDC0,0xFDC0,0xFDC0,0xFDC0,0xFDC0,0xFDC0,0xFDC0,0xFDC0,0xFDC0,0xFDC0,0xFDC0,0xFDC0,0xFDC0,0x0000,0xFDC0,0xFDC0,0xFDC0,0xFDC0,0xFDC0,0xFDC0,0x2860,0x2860,0x2860,0x2860,0x2860,0x2860,0x2860,0x2860,0x2860,0x2860,0x0000,0xFDC0,0xFDC0,0xFDC0,0x7240,0x2860,0x2860,0x2860,0x2860,0x2860,0x2860,0x2860,0x2860,0x2860,0x2860,0x2860,0x2860,0x0000,0xFDC0,0xFDC0,0x2860,0x2860,0x2860,0x2860,0x2860,0x2860,0x2860,0x2860,0x2860,0x2860,0x2860,0x2860,0x2860,0x2860,0x0000,0xFDC0,0x2860,0x2860,0x2860,0x2860,0x2860,0x2860,0x2860,0x2860,0x2860,0x2860,0x2860,0x2860,0x2860,0x2860,0x2860,0x0000,0x2860,0xFDC0,0xFDC0,0x2860,0xFDC0,0x5160,0xFDC0,0xFDC0,0xFDC0,0xFDC0,0x2860,0x2860,0xFDC0,0xFDC0,0xFDC0,0x2860,0x0000,0x2860,0xFDC0,0xFDC0,0x2860,0xFDC0,0x5160,0xFDC0,0xFDC0,0x2860,0xFDC0,0xFDC0,0xFDC0,0xFDC0,0x2860,0x7A80,0x2860,0x0000,0x2860,0xFDC0,0xFDC0,0x2860,0xFDC0,0x5160,0xFDC0,0xFDC0,0x2860,0xFDC0,0xFDC0,0xFDC0,0xFDC0,0x2860,0x2860,0x2860,0x0000,0x2860,0xFDC0,0xFDC0,0x2860,0xFDC0,0x5160,0xFDC0,0xFDC0,0x2860,0xFDC0,0xFDC0,0x2860,0xFDC0,0xFDC0,0x2860,0x2860,0x0000,0x2860,0xFDC0,0xFDC0,0x2860,0xFDC0,0x5160,0xFDC0,0xFDC0,0x2860,0xFDC0,0xFDC0,0x2860,0x2860,0xFDC0,0xFDC0,0x2860,0x0000,0x2860,0xFDC0,0xFDC0,0x2860,0xFDC0,0x5160,0xFDC0,0xFDC0,0x2860,0xFDC0,0x2860,0xFDC0,0x2860,0xFDC0,0xFDC0,0x2860,0x0000,0xFDC0,0x2860,0xFDC0,0xFDC0,0xFDC0,0x2860,0xFDC0,0xFDC0,0xFDC0,0xFDC0,0x2860,0xFDC0,0xFDC0,0xFDC0,0x2860,0xFDC0,0x0000,0xFDC0,0x2860,0x2860,0x2860,0x2860,0x2860,0xFDC0,0xFDC0,0x2860,0x2860,0x2860,0x2860,0x2860,0x2860,0x2860,0xFDC0,0x0000,0xFDC0,0x2860,0x2860,0x2860,0x2860,0x2860,0xFDC0,0xFDC0,0x2860,0x2860,0x2860,0x2860,0x2860,0x2860,0x2860,0xFDC0,0x0000,0x0000,0xFDC0,0x2860,0x2860,0x2860,0x2860,0xFDC0,0xFDC0,0x2860,0x2860,0x2860,0x2860,0x2860,0x2860,0xFDC0,0x0000,0x0000,0x0000,0x0000,0xFDC0,0xFDC0,0x2860,0x2860,0x2860,0x2860,0x2860,0x2860,0x2860,0x2860,0xFDC0,0xFDC0,0x0000,0x0000,0x0000,0x0000,0x0000,0x0000,0x0000,0xFDC0,0xFDC0,0x2860,0x2860,0x2860,0x2860,0xFDC0,0xFDC0,0x0000,0x0000,0x0000,0x0000,0x0000,0x0000,0x0000,0x0000,0x0000,0x0000,0x0000,0xFDC0,0xFDC0,0xFDC0,0xFDC0,0x0000,0x0000,0x0000,0x0000,0x0000,0x0000};

// ========== EVA (20x15) ==========
static const uint16_t PROGMEM logo_eva[] = {0x0000,0x0000,0x0000,0x0000,0x0000,0x0000,0x0000,0x0000,0x0000,0x0000,0x0000,0x0000,0x0529,0x0529,0x0529,0x0529,0x0529,0x0529,0x0529,0x0529,0x0000,0x0000,0x0000,0x0000,0x0000,0x0000,0x0000,0x0000,0x0000,0x0000,0x0000,0x0000,0x0529,0x0529,0x0529,0x0529,0x0529,0x0529,0x0529,0x0529,0x0000,0x0000,0x0000,0x0000,0x0000,0x0000,0x0000,0x0000,0x0000,0x0000,0x0000,0x0529,0x0529,0x0529,0x0529,0x0529,0x0529,0x0529,0x0529,0x0529,0x0000,0x0000,0x0000,0x0000,0x0000,0x0000,0x0000,0x0000,0x0000,0x0000,0xFFFF,0xF223,0xF264,0x0529,0x0529,0x0529,0x0529,0x0529,0x0529,0x0000,0x0000,0x0000,0x0000,0x0000,0x0000,0x0000,0x0000,0x0000,0x0000,0x0529,0xFFFF,0xFFFF,0xF223,0xFFFF,0x0529,0x0529,0x0529,0x0529,0x0529,0x0000,0x0000,0x0000,0x0000,0x0000,0x0000,0x0000,0x0000,0x0000,0x0529,0xFFFF,0xFFFF,0xFFFF,0xFFFF,0xFFFF,0xF223,0x0529,0x0529,0x0529,0x0529,0x0000,0x0000,0x0000,0x0000,0x0000,0x0000,0x0000,0x0000,0x0000,0xFFFF,0xF223,0x0529,0xFF1B,0xFFFF,0xF223,0xFFFF,0x0529,0x0529,0x0529,0x0000,0x0000,0x0000,0x0000,0x0000,0x0000,0x0000,0x0000,0x0000,0xFFFF,0xFFFF,0x0529,0x0529,0xFFFF,0xFFFF,0xFFFF,0xFFFF,0xF223,0x0529,0x0529,0x0000,0x0000,0x0000,0x0000,0x0000,0x0000,0x0000,0x0000,0xFFFF,0xFFFF,0xFFFF,0x0529,0x0529,0xFFFF,0xFFFF,0xFFFF,0xFFFF,0xF223,0x0529,0x0529,0x0000,0x0000,0x0000,0x0000,0x0000,0x0000,0x0000,0x0529,0xFFFF,0xFFFF,0xF223,0xF4F0,0x0529,0xF223,0xFFFF,0xF223,0xFFFF,0x0529,0x0529,0x0000,0x0000,0x0000,0x0000,0x0000,0x0000,0x0000,0x0529,0x0529,0xFFFF,0xF223,0xFFFF,0xFFFF,0xFFFF,0xFFFF,0xFFFF,0xFFFF,0xFFFF,0x0529,0x0529,0x0000,0x0000,0x0000,0x0000,0x0000,0x0000,0x0000,0x0529,0x0529,0xF223,0xFFFF,0xF223,0xFFFF,0xFFFF,0xFFFF,0xF223,0xFFFF,0x0529,0x0529,0x0529,0x0000,0x0000,0x0000,0x0000,0x0000,0x0000,0x0529,0x0529,0x0529,0x0529,0x0529,0xFFFF,0xFE99,0xFFFF,0xFFFF,0xF223,0x0529,0x0529,0x0529,0x0000,0x0000,0x0000,0x0000,0x0000,0x0000,0x0529,0x0529,0x0529,0x0529,0x0529,0x0529,0x0529,0x0529,0x0529,0x0529,0x0529,0x0529,0x0529,0x0529,0x0000,0x0000,0x0000,0x0000,0x0000,0x0529,0x0529,0x0529,0x0529,0x0529,0x0529,0x0529,0x0529,0x0529,0x0529,0x0529,0x0529,0x0529,0x0529,0x0529,0x0000,0x0000,0x0000,0x0000};

// ========== China airlines (20x16) ==========
static const uint16_t PROGMEM logo_china[] = {0x0000,0x0000,0x0000,0x0000,0x0000,0x0000,0x0000,0x0000,0x0000,0x0000,0x0000,0x0000,0x0000,0x0000,0x0000,0x0000,0x0000,0x0000,0x0000,0x0000,0x0000,0x0000,0x0000,0x0000,0x0000,0x0000,0x0000,0x0000,0xEB0E,0xF494,0xF412,0xF3F2,0xF473,0xF516,0x0000,0x0000,0x0000,0x0000,0x0000,0x0000,0x0000,0x0000,0x0000,0x0000,0x0000,0x0000,0x0000,0xF432,0xF4F5,0xF432,0xF34F,0xEB2F,0xF3F1,0xF4D5,0xF412,0x0000,0x0000,0x0000,0x0000,0x0000,0x0000,0x0000,0x0000,0x0000,0x0000,0x0000,0x0000,0xFDD8,0xF515,0xF432,0xF370,0xF34F,0xF3F2,0xF4D5,0xF4B4,0x0000,0x0000,0x0000,0x0000,0x0000,0x0000,0x0000,0x0000,0x0000,0x0000,0x0000,0x0000,0xFE39,0xF557,0xF4B4,0xF433,0xF432,0xF494,0xF536,0xFE19,0xF556,0xF494,0xF3D1,0xEACE,0x0000,0x0000,0x0000,0xEAAD,0xEAAD,0xF370,0xF494,0xF536,0xFE19,0xFDF9,0xF577,0xF516,0xF515,0xF556,0xF390,0xFE19,0xF557,0xF4B4,0xF3F1,0xEB2F,0xEAAD,0x0000,0x0000,0xEAAD,0xF34F,0xF433,0xF516,0xFDD8,0xFEBB,0xD32E,0xC106,0xFDF9,0xB8E5,0xFFFF,0xB8E5,0xFE5A,0xFD97,0xF4D5,0xF432,0xF390,0xEAEE,0x0000,0x0000,0xEAAD,0xF3D1,0xF4F5,0xFDF9,0xFEDC,0xFE9B,0xF515,0xB8E5,0xFFFF,0xFFFF,0xFF1D,0xB8E5,0xFE9B,0xFDD8,0xF536,0xF494,0xF3F2,0xEAEE,0x0000,0x0000,0xEB0E,0xF432,0xF556,0xFE7B,0xFF3D,0xB8E5,0xFFFF,0xED96,0xFFFF,0xB8E5,0xFFFF,0xFEDC,0xFD97,0xB8E5,0xFD98,0xF515,0xF474,0xEAAD,0x0000,0x0000,0xEAAD,0xF453,0xFD77,0xFE9B,0xFF3D,0xF4B4,0xFE19,0xFFFF,0xFFFF,0xB8E5,0xFFFF,0xB8E5,0xFDD8,0xFDB8,0xEB2F,0xFD97,0xF390,0x0000,0x0000,0x0000,0x0000,0x0000,0xF536,0xFE5A,0xFF1D,0xB8E5,0xFE19,0xFEFC,0xFF7E,0xF4F5,0xB8E5,0xFEDC,0xB8E5,0xFD77,0xF4D4,0x0000,0x0000,0x0000,0x0000,0xB8E5,0x0000,0x0000,0x0000,0xFDB8,0xFE9B,0xFF5D,0xFF7E,0xF619,0xFE3A,0xF4D5,0xB8E5,0xFE19,0xB8E5,0xF515,0xF473,0xB8E5,0xB8E5,0x0000,0x0000,0xB8E5,0xF6DB,0x0000,0xB8E5,0xB8E5,0xFDF9,0xFEDC,0xFEDC,0xFE7A,0xFD77,0xF432,0xFDD8,0xFD77,0xF515,0xF494,0xF3F2,0xF34F,0x0000,0x0000,0x0000,0xB8E5,0xB8E5,0x0000,0x0000,0xB8E5,0xF4D4,0xF557,0xFD77,0xF516,0xF453,0xF34F,0xF473,0xF4D4,0xF473,0xF3F1,0xF370,0xEAAD,0x0000,0x0000,0x0000,0xFFDF,0xFFFF,0x0000,0x0000,0xEACD,0xF370,0xF3F1,0xF3F2,0xF3B1,0xEB0F,0xB8E5,0xB8E5,0xF412,0xF3B1,0xF34F,0xEACE,0x0000,0x0000,0x0000,0x0000,0xFFFF,0xB8E5,0x0000,0x0000,0x0000,0x0000,0xEAAD,0xEAAD,0xEAAD,0x0000,0xB8E5,0xB8E5,0x0000,0x0000,0x0000,0x0000,0x0000,0x0000,0x0000};

// ========== air new zealand (20x20) ==========
static const uint16_t PROGMEM logo_anz[] = {0xFFFF,0xFFFF,0xFFFF,0xFFFF,0xFFFF,0xFFFF,0xFFFF,0xFFFF,0xFFFF,0xFFFF,0xFFFF,0xFFFF,0x41E8,0xBDF7,0xFFFF,0xFFFF,0xFFFF,0xFFFF,0xFFFF,0xFFFF,0xFFFF,0xFFFF,0xFFFF,0xFFFF,0xFFFF,0xFFFF,0xFFFF,0xFFFF,0xFFFF,0x5AEB,0x20E4,0x20E4,0x20E4,0x20E4,0x20E4,0x18A2,0xFFFF,0xFFFF,0xFFFF,0xFFFF,0xFFFF,0xFFFF,0xFFFF,0xFFFF,0xFFFF,0xFFFF,0xFFFF,0xFFFF,0x20E4,0x20E4,0x20E4,0x3165,0xFFFF,0xF79E,0x20E4,0x20E4,0xF79E,0xFFFF,0xFFFF,0xFFFF,0xFFFF,0xFFFF,0xFFFF,0xFFFF,0xFFFF,0xFFFF,0xFFFF,0x20E4,0x20E4,0x20E4,0xFFFF,0xFFFF,0xFFFF,0xFFFF,0xFFFF,0x20E4,0x20E4,0xFFFF,0xFFFF,0xFFFF,0xFFFF,0xFFFF,0xFFFF,0xFFFF,0xFFFF,0xFFFF,0x20E4,0x20E4,0x20E4,0xFFFF,0xFFFF,0x18C3,0x20E4,0x20E4,0xFFFF,0x20E4,0x20E4,0xFFFF,0xFFFF,0xFFFF,0xFFFF,0xFFFF,0xFFFF,0xFFFF,0xFFFF,0x20E4,0x20E4,0x20E4,0xFFFF,0xFFFF,0xFFFF,0x20E4,0x20E4,0x20E4,0x20E4,0x20E4,0xFFFF,0xFFFF,0xFFFF,0xFFFF,0xFFFF,0xFFFF,0xFFFF,0xFFFF,0x20E4,0x20E4,0x20E4,0xFFFF,0xFFFF,0xFFFF,0xFFFF,0xFFFF,0x20E4,0x20E4,0x20E4,0xFFFF,0xFFFF,0xFFFF,0xFFFF,0xFFFF,0xFFFF,0xFFFF,0xFFFF,0x20E4,0x20E4,0x20E4,0xFFFF,0xFFFF,0xFFFF,0xFFFF,0xFFFF,0xFFFF,0xFFFF,0xFFFF,0xFFFF,0xFFFF,0xFFFF,0xFFFF,0xFFFF,0xFFFF,0xFFFF,0xFFFF,0x20E4,0x20E4,0x20E4,0x20E4,0x20E4,0x20E4,0x20E4,0x20E4,0x20E4,0x20E4,0x20E4,0x20E4,0x20E4,0x20E4,0x20E4,0x20E4,0x20E4,0x20E4,0xFFFF,0x18C3,0x20E4,0x20E4,0x20E4,0x20E4,0x20E4,0x20E4,0x20E4,0x20E4,0x20E4,0x20E4,0x20E4,0x20E4,0x20E4,0x20E4,0x20E4,0x20E4,0x20E4,0x20E4,0xFFFF,0xFFFF,0xFFFF,0xFFFF,0xFFFF,0xFFFF,0xFFFF,0xFFFF,0xFFFF,0xFFFF,0xFFFF,0xFFFF,0xFFFF,0xFFFF,0xFFFF,0xFFFF,0xFFFF,0xFFFF,0xFFFF,0xFFFF,0xFFFF,0x20E4,0x20E4,0x20E4,0x20E4,0x20E4,0x20E4,0x20E4,0x20E4,0x20E4,0x20E4,0x20E4,0x20E4,0x20E4,0x20E4,0x20E4,0x20E4,0x20E4,0x20E4,0xFFFF,0xFFFF,0x20E4,0x20E4,0x20E4,0x20E4,0x20E4,0x20E4,0x20E4,0x20E4,0x20E4,0x20E4,0x20E4,0x20E4,0x20E4,0x20E4,0x20E4,0x20E4,0x20E4,0x4A49,0xFFFF,0xFFFF,0x20E3,0x20E4,0x18E3,0xFFFF,0xFFFF,0xFFFF,0xFFFF,0xFFFF,0xFFFF,0xFFFF,0xFFFF,0xFFFF,0xFFFF,0xFFFF,0xFFFF,0xFFFF,0xFFFF,0xFFFF,0xFFFF,0xFFFF,0xFFFF,0x20E4,0x20E4,0xFFFF,0xFFFF,0xFFFF,0xFFFF,0x2904,0xD6BA,0xFFFF,0xFFFF,0xFFFF,0xFFFF,0xFFFF,0xFFFF,0xFFFF,0xFFFF,0xFFFF,0xFFFF,0xFFFF,0xFFFF,0x20E4,0x20E4,0xFFFF,0xFFFF,0xFFFF,0x20E4,0x20E4,0x20E4,0x20E4,0xFFFF,0xFFFF,0xFFFF,0xFFFF,0xFFFF,0xFFFF,0xFFFF,0xFFFF,0xFFFF,0xFFFF,0xFFFF,0xFFFF,0x20E4,0x20E4,0xFFFF,0xFFFF,0x20E4,0x20E4,0x18A2,0x20E4,0xFFFF,0xFFFF,0xFFFF,0xFFFF,0xFFFF,0xFFFF,0xFFFF,0xFFFF,0xFFFF,0xFFFF,0xFFFF,0xFFFF,0x20E4,0x20E4,0x5AAA,0xFFFF,0xFFFF,0xFFFF,0xFFFF,0x20E4,0xBDF7,0xFFFF,0xFFFF,0xFFFF,0xFFFF,0xFFFF,0xFFFF,0xFFFF,0xFFFF,0xFFFF,0xFFFF,0xFFFF,0xFFFF,0x20E4,0x20E4,0x20E4,0xFFFF,0xFFFF,0x20E4,0x20E4,0xFFFF,0xFFFF,0xFFFF,0xFFFF,0xFFFF,0xFFFF,0xFFFF,0xFFFF,0xFFFF,0xFFFF,0xFFFF,0xFFFF,0xFFFF,0xFFFF,0x20E4,0x20E4,0x20E4,0x20E4,0x20E4,0xCE79,0xFFFF,0xFFFF,0xFFFF,0xFFFF,0xFFFF,0xFFFF,0xFFFF,0xFFFF,0xFFFF};

// ========== starlux (20x20) ==========
static const uint16_t PROGMEM logo_starlux[] = {0xFFFF,0xFFFF,0xFFFF,0xFFFF,0xFFFF,0xFFFF,0xFFFF,0xFFFF,0xFFFF,0xFFFF,0xFFFF,0xFFFF,0xFFFF,0xFFFF,0xFFFF,0xFFFF,0xFFFF,0xFFFF,0xFFFF,0xFFFF,0xFFFF,0xFFFF,0xFFFF,0xFFFF,0xFFFF,0xFFFF,0xFFFF,0xFFFF,0xFFFF,0xFFFF,0xFFFF,0xFFFF,0xFFFF,0xFFFF,0xFFFF,0xFFFF,0xFFFF,0xFFFF,0xFFFF,0xFFFF,0xFFFF,0xFFFF,0xFFFF,0xFFFF,0xFFFF,0xFFFF,0xFFFF,0xFFFF,0xFFFF,0xFFFF,0xFFFF,0xFFFF,0xFFFF,0xFFFF,0xFFFF,0xFFFF,0xFFFF,0xFFFF,0xFFFF,0xFFFF,0xFFFF,0xFFFF,0xFFFF,0xFFFF,0xFFFF,0xFFFF,0xFFFF,0xFFFF,0xFFFF,0xFFFF,0xFFFF,0xFFFF,0xFFFF,0xFFFF,0xFFFF,0xFFFF,0xFFFF,0xFFFF,0xFFFF,0xFFFF,0xFFFF,0xFFFF,0xFFFF,0xFFFF,0xFFFF,0xFFFF,0xFFFF,0xFFFF,0xFFFF,0xFFFF,0xFFFF,0xC532,0xBCD1,0xB4B0,0xB4B0,0xBCD0,0xFFFF,0xFFFF,0xFFFF,0xFFFF,0xFFFF,0xFFFF,0xFFFF,0xFFFF,0xFFFF,0xFFFF,0xFFFF,0xFFFF,0xFFFF,0x9329,0x9B49,0x9B49,0x9B49,0x9B49,0xFFFF,0xFFFF,0xD5F6,0xFFFF,0xFFFF,0xFFFF,0xFFFF,0xFFFF,0xFFFF,0xFFFF,0xFFFF,0xFFFF,0xFFFF,0xFFFF,0x9329,0x9B49,0x9B49,0x9B49,0x9B49,0xFFFF,0xFFFF,0xF77D,0x9328,0xF7BE,0xFFFF,0xFFFF,0xFFFF,0xFFFF,0xFFFF,0xFFFF,0xFFFF,0xFFFF,0xFFFF,0x9329,0x9B49,0x9B49,0x9B49,0x9B49,0xFFFF,0xFFFF,0xD617,0x9329,0x9B49,0x9328,0xD5F6,0xFFFF,0xFFFF,0xFFFF,0xFFFF,0xFFFF,0xFFFF,0xFFFF,0x9B49,0x9B49,0x9B49,0x9B49,0x9B49,0xFFFF,0xFFFF,0xFFFF,0xFFFF,0xEF1B,0x9329,0xE6FB,0xFFFF,0xFFFF,0xFFFF,0xFFFF,0xFFFF,0xFFFF,0xFFFF,0x9B8B,0x9B49,0x9B49,0x9B49,0x9B49,0xFFFF,0xFFFF,0xFFFF,0xFFFF,0xFFFF,0xFFFF,0xC533,0xFFFF,0xFFFF,0xFFFF,0xFFFF,0xFFFF,0xFFFF,0xFFFF,0xA3EC,0x9328,0x9328,0x9328,0xBCD0,0xFFFF,0xFFFF,0xEF3C,0xDEDA,0xDEDA,0xDEDA,0xFFFF,0xFFFF,0xFFFF,0xFFFF,0xFFFF,0xFFFF,0xFFFF,0xFFFF,0xFFFF,0xFFFF,0xFFFF,0xFFFF,0xFFFF,0xFFFF,0xBD93,0x83A9,0x83A9,0x83A9,0x83A9,0xFFFF,0xFFFF,0xFFFF,0xFFFF,0xFFFF,0xFFFF,0xFFFF,0xFFFF,0xFFFF,0xFFFF,0xFFFF,0xFFFF,0xFFFF,0xFFFF,0xBD93,0x83A9,0x83A9,0x83A9,0x83A9,0xFFFF,0xFFFF,0xFFFF,0xFFFF,0xFFFF,0xFFFF,0xFFFF,0xFFFF,0xFFFF,0xFFFF,0xFFFF,0xFFFF,0xFFFF,0xFFFF,0xB573,0x83A9,0x83A9,0x83A9,0x83A9,0xFFFF,0xFFFF,0xFFFF,0xFFFF,0xFFFF,0xFFFF,0xFFFF,0xFFFF,0xFFFF,0xFFFF,0xFFFF,0xFFFF,0xFFFF,0xFFFF,0xB532,0x83A9,0x83A9,0x83A9,0x83A9,0xFFFF,0xFFFF,0xFFFF,0xFFFF,0xFFFF,0xFFFF,0xFFFF,0xFFFF,0xFFFF,0xFFFF,0xFFFF,0xFFFF,0xFFFF,0xFFFF,0xB573,0x83A9,0x83A9,0x83A9,0x83A9,0xFFFF,0xFFFF,0xFFFF,0xFFFF,0xFFFF,0xFFFF,0xFFFF,0xFFFF,0xFFFF,0xFFFF,0xFFFF,0xFFFF,0xFFFF,0xFFFF,0x8389,0x83A9,0x83A9,0x83A9,0x83A9,0xFFFF,0xFFFF,0xFFFF,0xFFFF,0xFFFF,0xFFFF,0xFFFF,0xFFFF,0xFFFF,0xFFFF,0xFFFF,0xFFFF,0xFFFF,0xFFFF,0xFFFF,0xFFFF,0xFFFF,0xFFFF,0xFFFF,0xFFFF,0xFFFF,0xFFFF,0xFFFF,0xFFFF,0xFFFF,0xFFFF,0xFFFF,0xFFFF,0xFFFF,0xFFFF,0xFFFF,0xFFFF,0xFFFF,0xFFFF,0xFFFF,0xFFFF,0xFFFF,0xFFFF,0xFFFF,0xFFFF,0xFFFF,0xFFFF,0xFFFF,0xFFFF,0xFFFF,0xFFFF,0xFFFF,0xFFFF,0xFFFF,0xFFFF,0xFFFF,0xFFFF,0xFFFF,0xFFFF,0xFFFF,0xFFFF,0xFFFF,0xFFFF,0xFFFF,0xFFFF,0xFFFF,0xFFFF,0xFFFF,0xFFFF,0xFFFF,0xFFFF,0xFFFF,0xFFFF,0xFFFF,0xFFFF,0xFFFF};

// ========== zipair (20x16) ==========
static const uint16_t PROGMEM logo_zipair[] = {0xFFFF,0x8C51,0x0000,0x0000,0x0000,0x0000,0x0000,0x0000,0x0000,0x0000,0x0000,0x0000,0x6B4D,0xFFFF,0xFFFF,0xFFFF,0xFFFF,0xFFFF,0xFFFF,0xFFFF,0xFFFF,0x0020,0x0000,0xFFFF,0xFFFF,0xFFFF,0xFFFF,0xFFFF,0xFFFF,0x0020,0x0020,0x0020,0xF7BE,0xFFFF,0xFFFF,0xFFFF,0xFFFF,0xFFFF,0xFFFF,0xFFFF,0xDEDB,0x0000,0xFFFF,0xFFFF,0xFFFF,0xFFFF,0xFFFF,0xFFFF,0x39C7,0x0020,0x0020,0x9CD3,0xFFFF,0xFFFF,0xFFFF,0xFFFF,0xFFFF,0xFFFF,0xFFFF,0xFFFF,0x0000,0xFFFF,0xFFFF,0xFFFF,0xFFFF,0xFFFF,0xFFFF,0xE71C,0x0020,0x0020,0x10A2,0xFFFF,0xFFFF,0xFFFF,0xFFFF,0xFFFF,0xFFFF,0xFFFF,0xFFFF,0xFFFF,0xFFFF,0xFFFF,0xFFFF,0xFFFF,0xFFFF,0xFFFF,0xFFFF,0x0020,0x0020,0x0020,0xFFFF,0xFFFF,0xFFFF,0xFFFF,0xFFFF,0xFFFF,0xFFFF,0xFFFF,0xFFFF,0xFFFF,0xFFFF,0xFFFF,0xFFFF,0xFFFF,0xFFFF,0xFFFF,0x0020,0x0020,0x0020,0xFFFF,0xFFFF,0xFFFF,0xFFFF,0xFFFF,0xFFFF,0xFFFF,0xFFFF,0xFFFF,0xFFFF,0xFFFF,0xFFFF,0xFFFF,0xFFFF,0xFFFF,0xFFFF,0x0000,0x0020,0x0020,0xFFFF,0xFFFF,0xFFFF,0xFFFF,0xFFFF,0xFFFF,0xFFFF,0xFFFF,0xFFFF,0xFFFF,0xFFFF,0xFFFF,0xFFFF,0xFFFF,0xFFFF,0xFFFF,0x5AEB,0x0020,0x0020,0x73AE,0xFFFF,0xFFFF,0xFFFF,0xFFFF,0xFFFF,0xFFFF,0xFFFF,0xFFFF,0xFFFF,0xFFFF,0xFFFF,0xFFFF,0xFFFF,0xFFFF,0xFFFF,0xE73C,0x0020,0x0020,0x0000,0xFFFF,0xFFFF,0xFFFF,0xFFFF,0xFFFF,0xFFFF,0xFFFF,0xFFFF,0xFFFF,0xFFFF,0xFFFF,0xFFFF,0xFFFF,0xFFFF,0xFFFF,0xFFFF,0x0020,0x0020,0x0020,0xFFFF,0xFFFF,0xFFFF,0xFFFF,0xFFFF,0xFFFF,0xFFFF,0xFFFF,0xFFFF,0xFFFF,0xFFFF,0xFFFF,0xFFFF,0xFFFF,0xFFFF,0xFFFF,0x0020,0x0020,0x0020,0xFFFF,0xFFFF,0xFFFF,0xFFFF,0xFFFF,0xFFFF,0xFFFF,0x1082,0xFFDF,0xFFFF,0xFFFF,0xFFFF,0xFFFF,0xFFFF,0xFFFF,0xFFFF,0x0000,0x0020,0x0020,0xDEFB,0xFFFF,0xFFFF,0xFFFF,0xFFFF,0xFFFF,0xFFFF,0xFFFF,0x0000,0xFFFF,0xFFFF,0xFFFF,0xFFFF,0xFFFF,0xFFFF,0xFFFF,0x738E,0x0020,0x0020,0x52AA,0xFFFF,0xFFFF,0xFFFF,0xFFFF,0xFFFF,0xFFFF,0xFFFF,0x0020,0xF79E,0xFFFF,0xFFFF,0xFFFF,0xFFFF,0xFFFF,0xFFFF,0xFFFF,0x0020,0x0020,0x0020,0x2104,0x2104,0x2104,0x2104,0x2104,0x2104,0x0841,0x0020,0x0020,0xFFFF,0xFFFF,0xFFFF,0xFFFF,0xFFFF,0xFFFF,0xFFFF,0xFFFF,0xFFFF,0xFFFF,0xFFFF,0xFFFF,0xFFFF,0xFFFF,0xFFFF,0xFFFF,0xFFFF,0xFFFF,0xFFFF,0xFFFF,0xFFFF,0xFFFF,0xFFFF,0xFFFF,0xFFFF,0xFFFF,0xFFFF,0xFFFF,0xFFFF,0xFFFF,0xFFFF,0xFFFF,0xFFFF,0xFFFF,0xFFFF,0xFFFF,0xFFFF,0xFFFF,0xFFFF,0xFFFF,0xFFFF,0xFFFF,0xFFFF,0x8E77,0x1CAF,0x1CAF,0x1CAF,0x1CAF};

// ========== aeromexico (20x18) ==========
static const uint16_t PROGMEM logo_mexico[] = {0xFFFF,0xFFFF,0xFFFF,0xFFFF,0xFFFF,0xFFFF,0xFFFF,0xFFFF,0xFFFF,0xFFFF,0xFFFF,0xFFFF,0xFFFF,0xFFFF,0xFFFF,0xFFFF,0xFFFF,0xFFFF,0xFFFF,0xFFFF,0xFFFF,0xFFFF,0xFFFF,0xFFFF,0xFFFF,0xFFFF,0xFFFF,0xFFFF,0xFFFF,0xFFFF,0xFFFF,0xFFFF,0xFFFF,0xFFFF,0xFFFF,0xFFFF,0xFFFF,0xFFFF,0xFFFF,0xFFFF,0xFFFF,0xFFFF,0xFFFF,0xFFFF,0xFFFF,0xFFFF,0xFFFF,0xFFFF,0xFFFF,0xE73D,0x42AF,0x012B,0x3AAE,0xAD77,0xFFFF,0xFFFF,0xFFFF,0xFFFF,0xFFFF,0xFFFF,0xFFFF,0xFFFF,0xFFFF,0xFFFF,0xFFFF,0xFFFF,0xFFFF,0xFFFF,0x018C,0x018C,0x018C,0x018C,0x018C,0x018C,0x018C,0x018C,0xEF7E,0xFFFF,0xFFFF,0xFFFF,0xFFFF,0xFFFF,0xFFFF,0xFFFF,0xFFFF,0xFFFF,0xEF5D,0x018C,0x018C,0x018C,0x018C,0x018C,0x018C,0x018C,0x018C,0x8493,0x018C,0x018B,0x6BD1,0xFFFF,0xFFFF,0xFFFF,0xFFFF,0xFFFF,0xFFFF,0x6BB1,0x018C,0x018C,0x018C,0x018C,0x018C,0x018C,0x018C,0x018C,0x018C,0x018C,0x018C,0x018C,0x018C,0xEF7D,0xFFFF,0xFFFF,0xFFFF,0xFFFF,0xFFFF,0xFFFF,0xFFFF,0x018C,0x018C,0x018C,0x018C,0x018C,0x018C,0xFFFF,0xFFFF,0xFFFF,0xFFFF,0xFFFF,0xC65A,0x018C,0xFFFF,0xFFFF,0xFFFF,0x6B92,0x6B72,0x6B72,0x6B72,0x018C,0x018C,0x018C,0x018C,0x018C,0xFFFF,0x018C,0x018C,0x018C,0x018C,0x016B,0xFFFF,0xFFFF,0xFFFF,0xFFFF,0x018C,0x018C,0x018C,0x018C,0x018C,0x018C,0x018C,0x018C,0x018C,0x018C,0xFFFF,0x018C,0x018C,0x018C,0x018C,0x018C,0xFFFF,0xFFFF,0xFFFF,0xFFFF,0x018C,0x018C,0x018C,0x018C,0x018C,0x018C,0x018C,0x018B,0x018C,0x018C,0xFFFF,0x018C,0x018C,0x018C,0x018C,0x018C,0xFFFF,0xFFFF,0xFFFF,0xFFFF,0xFFFF,0xFFFF,0xFFFF,0xFFFF,0xFFFF,0xFFFF,0xFFFF,0x018B,0x018C,0x018C,0xFFFF,0x018C,0x018C,0x018C,0x018C,0x7432,0xFFFF,0xFFFF,0xFFFF,0xFFFF,0xFFFF,0xFFFF,0xFFFF,0xFFFF,0xFFFF,0xFFFF,0xFFFF,0xFFFF,0xFFFF,0x018C,0xFFFF,0x018C,0x018C,0x018C,0x018C,0x6BB1,0xFFFF,0xFFFF,0xFFFF,0xFFFF,0xFFFF,0xFFFF,0x018C,0x018B,0x018B,0x018B,0x018B,0x018B,0x018B,0x018C,0xFFFF,0x018C,0x018C,0x018C,0x018C,0xDEFB,0xFFFF,0xFFFF,0xFFFF,0xFFFF,0xFFFF,0xFFFF,0x018C,0x018C,0x018C,0x018C,0x018C,0x018C,0x018C,0x018C,0xFFFF,0xFFFF,0xFFFF,0xFFFF,0xFFFF,0xFFFF,0xFFFF,0xFFFF,0xFFFF,0xFFFF,0xFFFF,0xFFFF,0xFFFF,0xFFFF,0xFFFF,0xDF3D,0xDF3D,0xDF3D,0xDF3D,0xDF3D,0xFFFF,0xFFFF,0xFFFF,0xFFFF,0xFFFF,0xFFFF,0xFFFF,0xFFFF,0xFFFF,0xFFFF,0xFFFF,0xFFFF,0xFFFF,0xFFFF,0xFFFF,0xFFFF,0xFFFF,0xFFFF,0xFFFF,0xFFFF,0xFFFF,0xFFFF,0xFFFF,0xFFFF,0xFFFF,0xFFFF,0xFFFF,0xFFFF,0xFFFF,0xFFFF,0xFFFF,0xFFFF,0xFFFF,0xFFFF,0xFFFF,0x220D,0x328E,0xFFFF,0xFFFF,0xFFFF,0xFFFF,0xFFFF,0xFFFF,0xFFFF,0xFFFF,0xFFFF,0xFFFF,0xFFFF,0xFFFF,0xFFFF,0xFFFF,0xFFFF,0xFFFF,0xFFFF,0xFFFF,0xFFFF,0xFFFF,0xFFFF,0xFFFF,0xFFFF,0xFFFF,0xFFFF,0xFFFF,0xFFFF,0xFFFF,0xFFFF,0xFFFF,0xFFFF};

// ========== condor (20x20) ==========
static const uint16_t PROGMEM logo_condor[] = {0x0000,0x0000,0x0000,0x0000,0x0000,0x0000,0x0000,0x0000,0x0000,0x0000,0x0000,0x0000,0x0000,0x0000,0x0000,0x0000,0x0000,0x0000,0x0000,0x0000,0x0000,0x0000,0x0000,0x0000,0x0000,0x0000,0x0000,0x0000,0x0000,0x0000,0x0000,0x0000,0x0000,0x0000,0x0000,0x0000,0x0000,0x0000,0x0000,0x0000,0x0000,0x0000,0x0000,0x0000,0x0000,0x0000,0x0000,0x0000,0x0000,0x0000,0x0000,0x0000,0x0000,0x0000,0x0000,0x0000,0x0000,0x0000,0x0000,0x0000,0x0000,0x0000,0x0000,0x0000,0x0000,0x0000,0x0000,0x0000,0xFFFF,0xFFFF,0xFFFF,0xFFFF,0xFFFF,0x0000,0x0000,0x0000,0x0000,0x0000,0x0000,0x0000,0x0000,0x0000,0x0000,0x0000,0x0000,0x0000,0xFFFF,0xFFFF,0xFFFF,0xFFFF,0xFFFF,0xFFFF,0xFFFF,0xFFFF,0xFFFF,0x0000,0x0000,0x0000,0x0000,0x0000,0x0000,0x0000,0x0000,0x0000,0x0000,0xFFFF,0xFFFF,0xFFFF,0xFFFF,0xFFFF,0xFFFF,0xFFFF,0xFFFF,0xFFFF,0xFFFF,0xFFFF,0x0000,0x0000,0x0000,0x0000,0x0000,0x0000,0x0000,0x0000,0xFFFF,0xFFFF,0xFFFF,0xFFFF,0xFFFF,0xFFFF,0xFFFF,0xFFFF,0xFFFF,0xFFFF,0xFFFF,0xFFFF,0xFFFF,0x0000,0x0000,0x0000,0x0000,0x0000,0x0000,0x0000,0xFFFF,0xFFFF,0xFFFF,0xFFFF,0xFFFF,0xFFFF,0xFFFF,0xFFFF,0xFFFF,0xFFFF,0xFFFF,0xFFFF,0xFFFF,0x0000,0x0000,0x0000,0x0000,0x0000,0x0000,0xFFFF,0x0000,0x0000,0x0000,0x0000,0x0000,0x0000,0x0000,0x0000,0xFFFF,0x0000,0x0000,0x0000,0x0000,0xFFFF,0x0000,0x0000,0x0000,0x0000,0x0000,0xFFFF,0xFFFF,0x0000,0x0000,0xFFFF,0xFFFF,0xFFFF,0xFFFF,0x0000,0xFFFF,0x0000,0x0000,0xFFFF,0xFFFF,0xFFFF,0x0000,0x0000,0x0000,0x0000,0x0000,0xFFFF,0xFFFF,0xFFFF,0xFFFF,0x0000,0x0000,0xFFFF,0x0000,0xFFFF,0x0000,0x0000,0xFFFF,0xFFFF,0xFFFF,0xFFFF,0x0000,0x0000,0x0000,0x0000,0x0000,0xFFFF,0xFFFF,0xFFFF,0xFFFF,0xFFFF,0xFFFF,0x0000,0x0000,0x0000,0xFFFF,0xFFFF,0xFFFF,0xFFFF,0xFFFF,0xFFFF,0x0000,0x0000,0x0000,0x0000,0x0000,0xFFFF,0xFFFF,0xFFFF,0xFFFF,0xFFFF,0x0000,0x0000,0xFFFF,0xFFFF,0xFFFF,0xFFFF,0xFFFF,0xFFFF,0xFFFF,0xFFFF,0x0000,0x0000,0x0000,0x0000,0x0000,0x0000,0xFFFF,0xFFFF,0x0000,0x0000,0x0000,0xFFFF,0xFFFF,0xFFFF,0xFFFF,0xFFFF,0xFFFF,0xFFFF,0xFFFF,0x0000,0x0000,0x0000,0x0000,0x0000,0x0000,0x0000,0xFFFF,0x0000,0x0000,0xFFFF,0xFFFF,0xFFFF,0xFFFF,0xFFFF,0xFFFF,0xFFFF,0xFFFF,0xFFFF,0xFFFF,0x0000,0x0000,0x0000,0x0000,0x0000,0x0000,0x0000,0x0000,0x0000,0xFFFF,0xFFFF,0xFFFF,0xFFFF,0xFFFF,0xFFFF,0xFFFF,0xFFFF,0xFFFF,0xFFFF,0x0000,0x0000,0x0000,0x0000,0x0000,0x0000,0x0000,0x0000,0x0000,0x0000,0xFFFF,0xFFFF,0xFFFF,0xFFFF,0xFFFF,0xFFFF,0xFFFF,0xFFFF,0xFFFF,0x0000,0x0000,0x0000,0x0000,0x0000,0x0000,0x0000,0x0000,0x0000,0x0000,0x0000,0x0000,0x0000,0xFFFF,0xFFFF,0xFFFF,0xFFFF,0xFFFF,0x0000,0x0000,0x0000,0x0000,0x0000,0x0000,0x0000,0x0000,0x0000,0x0000,0x0000,0x0000,0x0000,0x0000,0x0000,0x0000,0x0000,0x0000,0x0000,0x0000,0x0000,0x0000,0x0000,0x0000,0x0000,0x0000,0x0000,0x0000,0x0000,0x0000,0x0000,0x0000,0x0000,0x0000,0x0000,0x0000,0x0000,0x0000,0x0000,0x0000,0x0000,0x0000,0x0000,0x0000,0x0000,0x0000,0x0000};

// ========== avianca (20x20) ==========
static const uint16_t PROGMEM logo_avianca[] = {0xFFFF,0xFFFF,0xFFFF,0xFFFF,0xFFFF,0xFFFF,0xFFFF,0xFFFF,0xFFFF,0xFFFF,0xFFFF,0xFFFF,0xFFFF,0xFFFF,0xFFFF,0xFFFF,0xFFFF,0xFFFF,0xFFFF,0xFFFF,0xFFFF,0xFFFF,0xFFFF,0xFFFF,0xFFFF,0xFFFF,0xFFFF,0xFFFF,0xFFFF,0xFFFF,0xFFFF,0xFFFF,0xFFFF,0xFFFF,0xFFFF,0xFFFF,0xFFFF,0xFFFF,0xFFFF,0xFFFF,0xFFFF,0xFFFF,0xFFFF,0xFFFF,0xFFFF,0xFFFF,0xFFFF,0xFFFF,0xFFFF,0xFFFF,0xFFFF,0xFFFF,0xFFFF,0xFFFF,0xFFFF,0xFFFF,0xFFFF,0xFFFF,0xFFFF,0xFFFF,0xFFFF,0xFFFF,0xFFFF,0xFFFF,0xF800,0xF800,0xFFFF,0xFFFF,0xFFFF,0xFFFF,0xFFFF,0xFFFF,0xFFFF,0xFFFF,0xFFFF,0xFFFF,0xFFFF,0xFFFF,0xFFFF,0xFFFF,0xFFFF,0xFFFF,0xFFFF,0xFFFF,0xF800,0xF800,0xFFFF,0xFFFF,0xFFFF,0xFFFF,0xFFFF,0xFFFF,0xFFFF,0xFFFF,0xFFFF,0xFFFF,0xFFFF,0xFFFF,0xFFFF,0xFFFF,0xFFFF,0xFFFF,0xFFFF,0xFE18,0xF800,0xF800,0xFFFF,0xFFFF,0xFFFF,0xFFFF,0xFFFF,0xFFFF,0xFFFF,0xFFFF,0xFFFF,0xFFFF,0xFFFF,0xFFFF,0xFFFF,0xFFFF,0xFFFF,0xFFFF,0xFFFF,0xF986,0xF800,0xF800,0xF800,0xFFFF,0xFFFF,0xFFFF,0xFFFF,0xFFFF,0xFFFF,0xFFFF,0xFFFF,0xFFFF,0xFFFF,0xFFFF,0xFFFF,0xFFFF,0xFFFF,0xFFFF,0xFFFF,0xFAAA,0xF800,0xF800,0xF800,0xFFFF,0xFFFF,0xFFFF,0xFFFF,0xFFFF,0xFFFF,0xFFFF,0xFFFF,0xFFFF,0xFFFF,0xFFFF,0xFFFF,0xFFFF,0xFFFF,0xFFFF,0xFFFF,0xFFFF,0xF800,0xF800,0xF800,0xF800,0xFFFF,0xFFFF,0xFFFF,0xFFFF,0xFFFF,0xFFFF,0xFFFF,0xFFFF,0xFFFF,0xFFFF,0xFFFF,0xFFFF,0xFFFF,0xFFFF,0xFFFF,0xFFFF,0xF800,0xF800,0xF800,0xF800,0xFFFF,0xFFFF,0xFFFF,0xFFFF,0xFFFF,0xFFFF,0xFFFF,0xFFFF,0xFFFF,0xFFFF,0xFFFF,0xFFFF,0xFFFF,0xFFFF,0xFFFF,0xFFFF,0xFFDF,0xF800,0xF800,0xF800,0xF800,0xFFFF,0xFFFF,0xFFFF,0xFFFF,0xFFFF,0xFFFF,0xFFFF,0xFFFF,0xFFFF,0xFFFF,0xFFFF,0xFFFF,0xFFFF,0xFFFF,0xFFFF,0xFFFF,0xFBAE,0xF800,0xF800,0xF800,0xFAEB,0xFFFF,0xFFFF,0xFFFF,0xFFFF,0xFFFF,0xFFFF,0xFFFF,0xFFFF,0xFFFF,0xFFFF,0xFFFF,0xFFFF,0xFFFF,0xFFFF,0xFFFF,0xFFFF,0xFFFF,0xF800,0xF800,0xF800,0xFFFF,0xFFFF,0xFFFF,0xFFFF,0xFFFF,0xFFFF,0xFFFF,0xFFFF,0xFFFF,0xFFFF,0xFFFF,0xFFFF,0xFFFF,0xFFFF,0xFFFF,0xFFFF,0xFFFF,0xFFFF,0xFFFF,0xFFFF,0xFFFF,0xFCB2,0xFFFF,0xFFFF,0xFFFF,0xFFFF,0xFFFF,0xFFFF,0xFFFF,0xFFFF,0xFFFF,0xFFFF,0xFFFF,0xFFFF,0xFFFF,0xFFFF,0xFFFF,0xFFFF,0xFFFF,0xFFFF,0xFFFF,0xFFFF,0xF800,0xF800,0xF800,0xFFFF,0xFFFF,0xFFFF,0xFFFF,0xFFFF,0xFFFF,0xFFFF,0xFFFF,0xFFFF,0xFFFF,0xFFFF,0xFFFF,0xFE79,0xF800,0xF800,0xF800,0xF800,0xF800,0xFFFF,0xFFFF,0xFFFF,0xFFFF,0xFFFF,0xFFFF,0xFFFF,0xFFFF,0xFFFF,0xFFFF,0xFFFF,0xFFFF,0xFFFF,0xFFFF,0xFFFF,0xFFFF,0xFFFF,0xFFBE,0xF800,0xF800,0xF800,0xFFFF,0xFFFF,0xFFFF,0xFFFF,0xFFFF,0xFFFF,0xFFFF,0xFFFF,0xFFFF,0xFFFF,0xFFFF,0xFFFF,0xFFFF,0xFFFF,0xFFFF,0xFFFF,0xFFFF,0xFFFF,0xF800,0xF800,0xF800,0xF800,0xFFFF,0xFFFF,0xFFFF,0xFFFF,0xFFFF,0xFFFF,0xFFFF,0xFFFF,0xFFFF,0xFFFF,0xFFFF,0xFFFF,0xFFFF,0xFFFF,0xFFFF,0xFFFF,0xFFFF,0xFFFF,0xFFDF,0xF800,0xF800,0xF800,0xFFFF,0xFFFF,0xFFFF,0xFFFF,0xFFFF,0xFFFF,0xFFFF,0xFFFF,0xFFFF,0xFFFF,0xFFFF,0xFFFF,0xFFFF,0xFFFF,0xFFFF,0xFFFF,0xFFFF,0xFFFF,0xFFFF,0xFFFF,0xFFFF,0xFFFF};

// ========== lot (19x19) ==========
static const uint16_t PROGMEM logo_lot[] = {0xFFFF,0xFFFF,0xFFFF,0xFFFF,0xFFFF,0x1081,0x39E7,0xFFFF,0xFFFF,0xFFFF,0x18A2,0xFFFF,0x3165,0x1061,0xFFFF,0xFFFF,0xFFFF,0xFFFF,0xFFFF,0xFFFF,0xFFFF,0xFFFF,0x6B6D,0x3165,0xFFFF,0xFFFF,0xFFFF,0xFFFF,0xFFFF,0x18A2,0x20E3,0xFFFF,0xFFFF,0x0841,0xBDD6,0xFFFF,0xFFFF,0xFFFF,0xFFFF,0xFFFF,0x18E3,0xFFFF,0xFFFF,0xFFFF,0xFFFF,0xFFFF,0xFFFF,0xFFFF,0x18A2,0x18A2,0xFFFF,0xFFFF,0xFFFF,0xF79E,0x4208,0xFFFF,0xFFFF,0xFFFF,0xB596,0xFFFF,0xFFFF,0xFFFF,0xFFFF,0xFFFF,0xFFFF,0xFFFF,0x5AAA,0x18A2,0x18A2,0xFFFF,0xFFFF,0xFFFF,0xFFFF,0xE71C,0xEF7D,0xFFFF,0xFFFF,0x0841,0xFFFF,0xFFFF,0xFFFF,0xFFFF,0xFFFF,0xFFFF,0xFFFF,0x18A2,0x18A2,0x18A2,0xFFFF,0xFFFF,0xFFFF,0xFFFF,0xFFFF,0x1081,0xFFFF,0x2104,0xFFFF,0xFFFF,0xFFFF,0xFFFF,0xFFFF,0xFFFF,0xFFFF,0xFFFF,0x18A2,0x18A2,0x1041,0xFFFF,0xFFFF,0xFFFF,0xFFFF,0xFFFF,0xFFFF,0x630C,0x18A2,0xFFFF,0xFFFF,0xFFFF,0xFFFF,0xFFFF,0xFFFF,0xFFFF,0xFFFF,0x18A2,0x18A2,0xEF7D,0xFFFF,0xFFFF,0xFFFF,0xFFFF,0xFFFF,0xFFFF,0x18A2,0xC638,0xFFFF,0xFFFF,0xFFFF,0xFFFF,0xFFFF,0xFFFF,0xFFFF,0xF79E,0x18A2,0x18A2,0xFFFF,0xFFFF,0xFFFF,0xFFFF,0xFFFF,0xFFFF,0xFFFF,0x738E,0xFFFF,0xFFFF,0xFFFF,0xFFFF,0xFFFF,0xFFFF,0xFFFF,0xFFFF,0x0020,0x18A2,0x18A2,0xFFFF,0xFFFF,0xFFFF,0xFFFF,0xFFFF,0xFFFF,0xFFFF,0xF7BE,0xFFFF,0xFFFF,0xFFFF,0xFFFF,0xFFFF,0xFFFF,0xFFFF,0xFFFF,0x18A2,0x18A2,0x630C,0xFFFF,0xFFFF,0xFFFF,0xFFFF,0xFFFF,0xFFFF,0xFFFF,0xFFFF,0xFFFF,0xFFFF,0xFFFF,0xFFFF,0xFFFF,0xFFFF,0xFFFF,0xFFFF,0x18A2,0x18A2,0xFFFF,0xFFFF,0xFFFF,0xFFFF,0xFFFF,0xFFFF,0xFFFF,0xFFFF,0xEF7D,0xA4F3,0xFFFF,0xFFFF,0xFFFF,0xFFFF,0xFFFF,0xFFFF,0xFFFF,0x18A2,0x18A2,0xFFFF,0xFFFF,0xFFFF,0xFFFF,0xFFFF,0xFFFF,0xFFFF,0xFFFF,0x3185,0x18A2,0xFFFF,0xFFFF,0xFFFF,0xFFFF,0xFFFF,0xDEBA,0x0841,0x18A2,0x18A2,0xFFFF,0xFFFF,0xFFFF,0xFFFF,0xFFFF,0xFFFF,0xFFFF,0xFFFF,0x18A2,0x73AE,0xFFFF,0x8C50,0x18A2,0x18A2,0x18A2,0x18A2,0x18A2,0x18A2,0x18A2,0x18A2,0x18A2,0x18A2,0x18A2,0x18A2,0x630C,0xF79E,0xFFFF,0xDEDA,0xFFFF,0x18A2,0xFFFF,0xFFFF,0xFFFF,0xFFFF,0xFFFF,0xFFFF,0x0020,0x18A2,0x39A6,0xFFFF,0xFFFF,0xFFFF,0xFFFF,0xFFFF,0xFFFF,0x1081,0xFFFF,0xFFFF,0xFFFF,0x8C71,0xFFFF,0xFFFF,0xFFFF,0xFFFF,0xFFFF,0xFFFF,0x31A6,0x18A2,0x2104,0xFFFF,0xFFFF,0xFFFF,0xFFFF,0x52AA,0xFFFF,0xFFFF,0xFFFF,0xFFFF,0xA514,0xAD55,0xFFFF,0xFFFF,0xFFFF,0xFFFF,0xFFFF,0xFFFF,0x9CF3,0x18A2,0x0861,0xFFFF,0xFFFF,0x738D,0xDEDB,0xFFFF,0xFFFF,0xFFFF,0xFFFF,0xFFFF,0xFFDF,0x18A2,0xFFFF,0xFFFF,0xFFFF,0xFFFF,0xFFFF,0xFFFF,0xFFDF,0x18A2,0xFFFF,0x18A2,0xFFFF,0xFFFF,0xFFFF,0xFFFF,0xFFFF,0xFFFF,0xFFFF,0xFFFF,0xFFFF,0x4208,0x1081,0xCE59,0xFFFF,0xFFFF,0xFFFF,0xBDD7,0x1082,0x632C,0xFFFF,0xFFFF,0xFFFF,0xFFFF,0xFFFF};

// ========== air_india (19x19) ==========
static const uint16_t PROGMEM logo_airindia[] = {0xFFFF,0xFFFF,0xFFFF,0xFFFF,0xFFFF,0xFFFF,0xFFFF,0xFFFF,0xFFFF,0xFFFF,0xFFFF,0xFFFF,0xFFFF,0xFFFF,0xFFFF,0xFFFF,0xFFFF,0xFFFF,0xFFFF,0xFFFF,0xFFFF,0xFFFF,0xFFFF,0xFFFF,0xFFFF,0xFFFF,0xFFFF,0xFFFF,0xFFFF,0xFFFF,0xFFFF,0xFFFF,0xFFFF,0xFFFF,0xFFFF,0xFFFF,0xFFFF,0xFFFF,0xFFFF,0xFFFF,0xFFFF,0xFFFF,0xFFFF,0xFFFF,0xFFFF,0xFFFF,0xFFFF,0xFFFF,0xFFFF,0xFFFF,0xFFFF,0xFFFF,0xFFFF,0xFFFF,0xD2CA,0xD30A,0xD2A9,0xFFFF,0xFFFF,0xFFFF,0xFFFF,0xFFFF,0xFFFF,0xFFFF,0xFFFF,0xFFFF,0xFFFF,0xFFFF,0xFFFF,0xFFFF,0xFFFF,0xFFFF,0xC8E0,0xC8C0,0xC8C0,0xFFDF,0xFFFF,0xFFFF,0xFFFF,0xFFFF,0xFFFF,0xFFFF,0xFFFF,0xFFFF,0xFFFF,0xFFFF,0xFFFF,0xFFFF,0xFFFF,0xEDF6,0xC8C0,0xC8C0,0xC8C0,0xC8C0,0xFFFF,0xFFFF,0xFFFF,0xFFFF,0xFFFF,0xFFFF,0xFFFF,0xFFFF,0xFFFF,0xFFFF,0xFFFF,0xFFFF,0xFFFF,0xFCC0,0xC8C0,0xC8C0,0xFC62,0xC8C0,0xFFFF,0xFFFF,0xFFFF,0xFFFF,0xFFFF,0xFFFF,0xFFFF,0xFFFF,0xFFFF,0xFFFF,0xFFFF,0xFFFF,0xFFFF,0xF400,0xF3E2,0xEB81,0xC8C0,0xC8C0,0xC080,0xFFFF,0xFFFF,0xFFFF,0xFFFF,0xFFFF,0xFFFF,0xFFFF,0xFFFF,0xFFFF,0xFFFF,0xFFFF,0xF6FB,0xFCC0,0xC080,0xE320,0xF420,0xFCC1,0xD180,0xFFFF,0xFFFF,0xFFFF,0xFFFF,0xFFFF,0xFFFF,0xFFFF,0xFFFF,0xFFFF,0xFFFF,0xFFFF,0xC880,0xC8C0,0xF440,0xFCC0,0xFCA1,0xC8C0,0xC8C0,0xEDB6,0xFFFF,0xFFFF,0xFFFF,0xFFFF,0xFFFF,0xFFFF,0xFFFF,0xFFFF,0xFFFF,0xFFFF,0xE241,0xC060,0xEBC0,0xFCA0,0xFCA1,0xF421,0xC8C0,0xC8C0,0xFFFF,0xFFFF,0xFFFF,0xFFFF,0xFFFF,0xFFFF,0xFFFF,0xFFFF,0xFFFF,0xFFBD,0xC060,0xC8E0,0xFCC0,0xC920,0xFCC0,0xF3E1,0xC8C0,0xC8C0,0xFFFF,0xFFFF,0xFFFF,0xFFFF,0xFFFF,0xFFFF,0xFFFF,0xFFFF,0xFFFF,0xFCC0,0xC8C0,0xFCC0,0xFCC0,0xFCE0,0xF3E0,0xEB61,0xFCC0,0xC8C0,0xC880,0xFFFF,0xFFFF,0xFFFF,0xFFFF,0xFFFF,0xFFFF,0xD205,0xC8C0,0xC8A0,0xC8C0,0xFCE0,0xC8C0,0xC8C0,0xE2A2,0xFCC0,0xFC81,0xC8C0,0xC8A0,0xFFFF,0xFFFF,0xFFFF,0xFFFF,0xFFFF,0xFFFF,0xC9A5,0xC8C0,0xC8C0,0xC8C0,0xC8C0,0xC8C0,0xEB62,0xC8C0,0xC8C0,0xFCC1,0xC8C0,0xC8C0,0xC8C0,0xC8E0,0xFFFF,0xFFFF,0xFFFF,0xFFFF,0xFFFF,0xFFFF,0xFFFF,0xFFFF,0xC8C0,0xC8C0,0xC8C0,0xC8C0,0xC8C0,0xFFFF,0xFFFF,0xFFFF,0xFFFF,0xFFFF,0xFFFF,0xFFFF,0xFFFF,0xFFFF,0xFFFF,0xFFFF,0xFFFF,0xFFFF,0xFFFF,0xFFFF,0xC8E0,0xC8C0,0xD34C,0xFFFF,0xFFFF,0xFFFF,0xFFFF,0xFFFF,0xFFFF,0xFFFF,0xFFFF,0xFFFF,0xFFFF,0xFFFF,0xFFFF,0xFFFF,0xFFFF,0xFFFF,0xFFFF,0xFFFF,0xC8E2,0xC8C0,0xFFFF,0xFFFF,0xFFFF,0xFFFF,0xFFFF,0xFFFF,0xFFFF,0xFFFF,0xFFFF,0xFFFF,0xFFFF,0xFFFF,0xFFFF,0xFFFF,0xFFFF,0xFFFF,0xFFFF,0xFFFF,0xFFFF,0xC8C0,0xC8C0,0xDC30,0xFF9E,0xFFFF,0xFFFF,0xFFFF,0xFFFF,0xFFFF,0xFFFF,0xFFFF,0xFFFF,0xFFFF,0xFFFF,0xFFFF,0xFFFF,0xFFFF,0xFFFF,0xFFFF,0xFFFF,0xFFFF,0xFFFF,0xFFFF,0xFFFF,0xFFFF,0xFFFF,0xFFFF,0xFFFF,0xFFFF,0xFFFF,0xFFFF};

// ========== vietnam (20x20) ==========
static const uint16_t PROGMEM logo_vietnam[] = {0x0350,0x0350,0x0350,0x0350,0x0350,0x0350,0x0350,0x0350,0x0350,0x0350,0x0350,0x0350,0x0350,0x0350,0x0350,0x0350,0x0350,0x0350,0x0350,0x0350,0x0350,0x0350,0x0350,0x0350,0x0350,0x0350,0x0350,0x0350,0x0350,0x0350,0x0350,0x0350,0x0350,0x0350,0x0350,0x0350,0x0350,0x0350,0x0350,0x0350,0x0350,0x0350,0x0350,0x0350,0x0350,0x0350,0x0350,0x0350,0x0350,0x0350,0x0350,0x0350,0x0350,0x0350,0x0350,0x0350,0x0350,0x0350,0x0350,0x0350,0x0350,0x0350,0x0350,0x0350,0x0350,0x0350,0x0350,0x0350,0x0350,0x0350,0x0350,0x0350,0x0350,0x0350,0x0350,0x0350,0x0350,0x0350,0x0350,0x0350,0x0350,0x0350,0x0350,0x0350,0x0350,0x0350,0x0350,0x3BCC,0x0350,0x0350,0x0350,0x1B8E,0x0350,0x0350,0x0350,0x0350,0x0350,0x0350,0x0350,0x0350,0x0350,0x0350,0x0350,0x0350,0x0350,0x0350,0x0350,0xDD22,0xDD22,0x0350,0x0350,0xDD22,0xDD22,0x0350,0x0350,0x0350,0x0350,0x0350,0x0350,0x0350,0x0350,0x0350,0x0350,0x0350,0x0350,0x0350,0x0350,0xDD22,0xDD22,0x0B6F,0x8C67,0xDD22,0xDD22,0x0350,0x0350,0x0350,0x0350,0x0350,0x0350,0x0350,0x0350,0x0350,0xDD22,0xDD22,0x0350,0x0350,0x0350,0xDD22,0xDD22,0xDD22,0xDD22,0xDD22,0xDD22,0x0350,0x0350,0x0350,0xDD22,0xDD22,0x0350,0x0350,0x0350,0x0350,0x33AD,0xDD22,0xDD22,0xDD22,0xC4E3,0xDD22,0xDD22,0xDD22,0xDD22,0xDD22,0xDD22,0x2BAD,0xDD22,0xDD22,0xDD22,0x0350,0x0350,0x0350,0x0350,0x0350,0x0350,0xDD22,0xDD22,0xDD22,0x6C29,0xDD22,0xDD22,0xDD22,0xDD22,0xDD22,0xDD22,0x136F,0xDD22,0xDD22,0xDD22,0x0350,0x0350,0x0350,0x0350,0x0350,0x0350,0x0350,0xDD22,0xDD22,0x0350,0xDD22,0xDD22,0x0350,0x0350,0xDD22,0xDD22,0x0350,0xDD22,0xDD22,0x0350,0x0350,0x0350,0x0350,0x0350,0x0350,0x0350,0x0350,0xDD22,0xDD22,0xDD22,0xDD22,0x0350,0xDD22,0xDD22,0x0350,0xDD22,0xDD22,0xDD22,0xDD22,0x0350,0x0350,0x0350,0x0350,0x0350,0x0350,0xDD22,0xDD22,0xDD22,0xDD22,0xDD22,0xDD22,0xDD22,0xDD22,0xDD22,0xDD22,0xDD22,0xDD22,0xACA5,0xDD22,0xDD22,0xDD22,0x0350,0x0350,0x0350,0xDD22,0xDD22,0xDD22,0xDD22,0xDD22,0xDD22,0xDD22,0xDD22,0xDD22,0xDD22,0xDD22,0xDD22,0xDD22,0xDD22,0xDD22,0xDD22,0xDD22,0xDD22,0x0350,0x0350,0x0350,0x0350,0x0350,0xDD22,0xDD22,0xDD22,0xDD22,0x0350,0x0350,0x0350,0x0350,0xDD22,0xDD22,0xDD22,0xDD22,0x0350,0x0350,0x0350,0x0350,0x0350,0x0350,0x0350,0x0350,0x0350,0x0350,0x0350,0x0350,0x0350,0x0350,0x0350,0x0350,0x0350,0x0350,0x0350,0x0350,0x0350,0x0350,0x0350,0x0350,0x0350,0x0350,0x0350,0x0350,0x0350,0x0350,0x0350,0x0350,0x0350,0x0350,0x0350,0x0350,0x0350,0x0350,0x0350,0x0350,0x0350,0x0350,0x0350,0x0350,0x0350,0x0350,0x0350,0x0350,0x0350,0x0350,0x0350,0x0350,0x0350,0x0350,0x0350,0x0350,0x0350,0x0350,0x0350,0x0350,0x0350,0x0350,0x0350,0x0350,0x0350,0x0350,0x0350,0x0350,0x0350,0x0350,0x0350,0x0350,0x0350,0x0350,0x0350,0x0350,0x0350,0x0350,0x0350,0x0350,0x0350,0x0350,0x0350,0x0350,0x0350,0x0350,0x0350,0x0350,0x0350,0x0350,0x0350,0x0350,0x0350,0x0350,0x0350,0x0350,0x0350,0x0350,0x0350,0x0350,0x0350,0x0350,0x0350,0x0350};

// ========== philippine (20x20) ==========
static const uint16_t PROGMEM logo_philippine[] = {0xFFFF,0xFFFF,0xFFFF,0xFFFF,0xFFFF,0xFFFF,0xFFFF,0xFFFF,0xFFFF,0xFFFF,0xFFFF,0xFFFF,0xFFFF,0xFFFF,0xFFFF,0xFFFF,0xFFFF,0xFFFF,0xFFFF,0xFFFF,0xFFFF,0xFFFF,0xFFFF,0xFFFF,0xFFFF,0xFFFF,0xFFFF,0xFFFF,0xFFFF,0xFFFF,0xFFFF,0xFFFF,0xFFFF,0xFFFF,0xFFFF,0xFFFF,0xFFFF,0xFFFF,0xFFFF,0xFFFF,0xFFFF,0xFFFF,0xFFFF,0xFFFF,0xFFFF,0xFFFF,0xFFFF,0xFFFF,0xFFFF,0xFFFF,0xFFFF,0xFFFF,0xFFFF,0xFFFF,0xFFFF,0xFFFF,0xFFFF,0xFFFF,0xFFFF,0xFFFF,0xFFFF,0xFFFF,0xFFFF,0xFFFF,0xFFFF,0xFFFF,0xFFFF,0xFFFF,0xFFFF,0xFFFF,0xFFFF,0xFFFF,0xFFFF,0xFFFF,0xFFFF,0xFFFF,0xFFFF,0xFFFF,0xFFFF,0xFFFF,0xFFFF,0xFFFF,0xFFFF,0xFFFF,0xFFFF,0xFFFF,0xFFFF,0xFFFF,0xFFFF,0xFFFF,0xFFFF,0xFFFF,0xFFFF,0xFFFF,0xFFFF,0xFFFF,0xFFFF,0xFFFF,0xFFFF,0xFFFF,0xFFFF,0xFFFF,0xFFFF,0xFFFF,0xFFFF,0xFFFF,0xFFFF,0xFFFF,0xFFFF,0xFFFF,0xFFFF,0xFFFF,0xFFFF,0xFFFF,0xFFFF,0xFFFF,0xFFFF,0xFFFF,0xFFFF,0xFFFF,0xFFFF,0xFFFF,0xFFFF,0xFFFF,0xFFFF,0xFFFF,0xFFFF,0xFFFF,0xFFFF,0xFFFF,0xFFFF,0xFFFF,0xFFFF,0x218C,0xFFFF,0xFFFF,0xFFFF,0xFFFF,0xFFFF,0xE165,0xFFFF,0xFFFF,0xFFFF,0xFFFF,0xFFFF,0xFFFF,0xFFFF,0xFFFF,0xFFFF,0xFFFF,0xFFFF,0x7C13,0x008C,0xF79E,0xFFFF,0xFFFF,0xFFFF,0xFF5D,0xE165,0xEB8E,0xFFFF,0xFFFF,0xFFFF,0xFFFF,0xFFFF,0xFFFF,0xFFFF,0xFFFF,0xFFFF,0xFFFF,0xCD06,0x196C,0x00EC,0xFFFF,0xFFFF,0xFFFF,0xE000,0xE165,0xE165,0xFFFF,0xFFFF,0xFFFF,0xFFFF,0xFFFF,0xFFFF,0xFFFF,0xFFFF,0xFFFF,0xFFFF,0x196C,0x090C,0x196C,0x196C,0xFFFF,0xFFFF,0xE165,0xE165,0xE165,0xE165,0xFFFF,0xFFFF,0xFFFF,0xFFFF,0xFFFF,0xFFFF,0xFFFF,0xFFFF,0xFFFF,0x196C,0xF5C4,0x196C,0x196C,0x00AC,0xFFFF,0xE165,0xE165,0xE165,0xE165,0xE165,0xFFFF,0xFFFF,0xFFFF,0xFFFF,0xFFFF,0xFFFF,0xFFFF,0xFFFF,0x196C,0xF5C4,0x196C,0x4A6A,0xF5A4,0xF5A4,0xE165,0xE165,0xE165,0xE165,0xE165,0xE165,0xFFFF,0xFFFF,0xFFFF,0xFFFF,0xFFFF,0xFFFF,0xE6F8,0x196C,0x08EC,0x216B,0xF5A4,0xF5A4,0xF5C4,0xE165,0xE165,0xE165,0xE165,0xE165,0xE165,0xE104,0xFFFF,0xFFFF,0xFFFF,0xFFFF,0xFFFF,0x18A9,0x196C,0x196C,0xF5A4,0xCD06,0xF5A4,0xEB45,0xE165,0xE165,0xE165,0xE165,0xE165,0xE165,0xE165,0xF679,0xFFFF,0xFFFF,0xFFFF,0xFFFF,0x196C,0x196C,0x196C,0x218B,0xF5A4,0xF5A4,0xE165,0xE165,0xE165,0xE165,0xE165,0xE165,0xE165,0xE165,0xE165,0xFFFF,0xFFFF,0xFFFF,0xFFFF,0x196C,0x112C,0x196C,0x4A6A,0xF5C4,0xF5A4,0xE165,0xE165,0xE165,0xE165,0xE165,0xE165,0xE165,0xE165,0xE165,0xE165,0xFFFF,0xFFFF,0xFFFF,0xFFFF,0xFFFF,0xFFFF,0xFFFF,0xFFFF,0xFFFF,0xFFFF,0xFFFF,0xFFFF,0xFFFF,0xFFFF,0xFFFF,0xFFFF,0xFFFF,0xFFFF,0xFFFF,0xFFFF,0xFFFF,0xFFFF,0xFFFF,0xFFFF,0xFFFF,0xFFFF,0xFFFF,0xFFFF,0xFFFF,0xFFFF,0xFFFF,0xFFFF,0xFFFF,0xFFFF,0xFFFF,0xFFFF,0xFFFF,0xFFFF,0xFFFF,0xFFFF,0xFFFF,0xFFFF,0xFFFF,0xFFFF,0xFFFF,0xFFFF,0xFFFF,0xFFFF,0xFFFF,0xFFFF,0xFFFF,0xFFFF,0xFFFF,0xFFFF,0xFFFF,0xFFFF,0xFFFF,0xFFFF,0xFFFF,0xFFFF,0xFFFF,0xFFFF,0xFFFF,0xFFFF,0xFFFF,0xFFFF,0xFFFF,0xFFFF,0xFFFF,0xFFFF,0xFFFF,0xFFFF,0xFFFF,0xFFFF,0xFFFF,0xFFFF,0xFFFF,0xFFFF,0xFFFF,0xFFFF,0xFFFF,0xFFFF};

// ========== turkish (20x20) ==========
static const uint16_t PROGMEM logo_turkish[] = {0x0000,0x0000,0x0000,0x0000,0x0000,0x0000,0x0000,0x0000,0x0000,0x0000,0x0000,0x0000,0x0000,0x0000,0x0000,0x0000,0x0000,0x0000,0x0000,0x0000,0x0000,0x0000,0x0000,0x0000,0x0000,0x0000,0x0000,0x0000,0x0000,0x0000,0x0000,0x0000,0x0000,0x0000,0x0000,0x0000,0x0000,0x0000,0x0000,0x0000,0x0000,0x0000,0x0000,0x0000,0x0000,0x0000,0x0000,0xE800,0xE800,0xE800,0xE800,0xE800,0x0000,0x0000,0x0000,0x0000,0x0000,0x0000,0x0000,0x0000,0x0000,0x0000,0x0000,0x0000,0x0000,0x0000,0x0000,0xE800,0xE800,0xE800,0xE800,0xE800,0xE800,0xE800,0x0000,0x0000,0x0000,0x0000,0x0000,0x0000,0x0000,0x0000,0x0000,0xE000,0xE800,0xE800,0x0000,0x0000,0x0000,0xE800,0xE800,0xE800,0xE800,0xE800,0xE800,0xFACB,0x0000,0x0000,0x0000,0x0000,0x0000,0x0000,0x0000,0xE800,0xE800,0xE800,0xE800,0x0000,0x0000,0x0000,0xE800,0xE800,0xE800,0xE800,0xE800,0xE800,0x0000,0x0000,0x0000,0x0000,0x0000,0x0000,0xE800,0xE800,0xE800,0xE800,0xE800,0x0000,0x0000,0x0000,0x0000,0xE800,0xE800,0xE800,0xE800,0xE800,0xE800,0x0000,0x0000,0x0000,0x0000,0x0000,0xE800,0xE800,0xE800,0xE800,0xE800,0x0000,0x0000,0x0000,0x0000,0x0000,0xE800,0xE800,0xE800,0xE800,0xE800,0x0000,0x0000,0x0000,0x0000,0xE800,0xE800,0xE800,0xE800,0xE800,0xE800,0x0000,0x0000,0x0000,0x0000,0x0000,0xE800,0xE800,0xE800,0xE800,0xE800,0xE000,0x0000,0x0000,0x0000,0xE800,0xE800,0xE800,0xE800,0xE800,0xE800,0x0000,0x0000,0x0000,0x0000,0x0000,0xE800,0xE800,0xE800,0xE800,0xE800,0xE800,0x0000,0x0000,0x0000,0xE800,0xE800,0xE800,0xE800,0xE800,0xE800,0x0000,0x0000,0x0000,0x0000,0x0000,0xE800,0xE800,0xE800,0xE800,0xE800,0xE800,0x0000,0x0000,0x0000,0xE800,0xE800,0xE800,0xE800,0xE800,0xE800,0x0000,0x0000,0x0000,0x0000,0xE800,0xE000,0x0000,0x0000,0x0000,0xE800,0xE800,0x0000,0x0000,0x0000,0xE800,0xE800,0xE800,0xE800,0xE800,0x0000,0x0000,0x0000,0x0000,0x0000,0x0000,0x0000,0xE800,0xE800,0xE800,0xE800,0xE800,0x0000,0x0000,0x0000,0x0000,0xE800,0xE800,0xE800,0x0000,0x0000,0x0000,0x0000,0xEBCF,0xE800,0xE800,0xE800,0xE800,0xE800,0xE800,0xE800,0x0000,0x0000,0x0000,0x0000,0x0000,0xE800,0xE800,0x0000,0x0000,0xE000,0xE800,0xE800,0xE800,0xE800,0xE800,0xE800,0xE800,0xE800,0xE800,0xE800,0x0000,0x0000,0x0000,0x0000,0x0000,0x0000,0xE800,0xE800,0xE800,0xE800,0xE800,0xE800,0xE800,0xE800,0xE800,0xE800,0xE800,0xE800,0xE800,0x0000,0x0000,0x0000,0x0000,0x0000,0x0000,0x0000,0xC2CB,0xE800,0xE800,0xE800,0xE800,0xE800,0xE800,0xE800,0xE800,0xE800,0xE800,0xE800,0x0000,0x0000,0x0000,0x0000,0x0000,0x0000,0x0000,0x0000,0x0000,0x0000,0xE800,0xE800,0xE800,0xE800,0xE800,0xE800,0xE800,0xE800,0xE800,0x0000,0x0000,0x0000,0x0000,0x0000,0x0000,0x0000,0x0000,0x0000,0x0000,0x0000,0x0000,0x0000,0xE000,0xE800,0xE800,0xE800,0xE800,0x0000,0x0000,0x0000,0x0000,0x0000,0x0000,0x0000,0x0000,0x0000,0x0000,0x0000,0x0000,0x0000,0x0000,0x0000,0x0000,0x0000,0x0000,0x0000,0x0000,0x0000,0x0000,0x0000,0x0000,0x0000,0x0000,0x0000,0x0000};

// ========== qantas (19x19) ==========
static const uint16_t PROGMEM logo_qantas[] = {0xFFFF,0xFFFF,0xFFFF,0xFFFF,0xFFFF,0xFFFF,0xFFFF,0xFFFF,0xFFFF,0xFFFF,0xFFFF,0xFFFF,0xFFFF,0xFFFF,0xFFFF,0xFFFF,0xFFFF,0xFFFF,0xFFFF,0xFFFF,0xFFFF,0xFFFF,0xFFFF,0xFFFF,0xFFFF,0xFFFF,0xFFFF,0xFFFF,0xFFFF,0xFFFF,0xFFFF,0xFFFF,0xFFFF,0xFFFF,0xFFFF,0xFFFF,0xFFFF,0xFFFF,0xFFFF,0xFFFF,0xFFFF,0xFFFF,0xFFFF,0xFFFF,0xFFFF,0xFFFF,0xFFFF,0xFFFF,0xFFFF,0xFFFF,0xFFFF,0xFFFF,0xFFFF,0xFFFF,0xFFFF,0xFFFF,0xFFFF,0xFFDE,0xF820,0xF800,0xF800,0xF800,0xF820,0xF7DF,0xFFFF,0xFFFF,0xFFFF,0xFFFF,0xFFFF,0xFFFF,0xFFFF,0xFFFF,0xFFFF,0xFFFF,0xFFFF,0xFFFF,0xFFFF,0xE801,0xF800,0xF800,0xF800,0xF000,0xF000,0xFE99,0xFFDF,0xFFFF,0xFFFF,0xFFFF,0xFFFF,0xFFFF,0xFFFF,0xFFFF,0xFFFF,0xFFFF,0xFFFF,0xFFFF,0xC32D,0xCCF1,0xF800,0xF000,0xF000,0xF000,0xF000,0xFE9A,0xFFFF,0xFFFF,0xFFFF,0xFFFF,0xFFFF,0xFFFF,0xFFFF,0xFFFF,0xFFFF,0xFFFF,0xFFFF,0xFFDF,0xE1A8,0xF7FE,0xF7BE,0xD062,0xF000,0xE800,0xE800,0xF658,0xFFFF,0xFFFF,0xFFFF,0xFFFF,0xFFFF,0xFFFF,0xFFFF,0xFFFF,0xFFFF,0xFFFF,0xFFFF,0xE040,0xE020,0xF77D,0xFFFF,0xFFBE,0xE881,0xE020,0xE820,0xFE38,0xFFFF,0xFFFF,0xFFFF,0xFFFF,0xFFFF,0xFFFF,0xFFFF,0xFFFF,0xFFFF,0xFFFF,0xF574,0xF000,0xF001,0xE69A,0xFFFF,0xFFFE,0xC082,0xFFDF,0xC061,0xF6BA,0xFFFF,0xFFFF,0xFFFF,0xFFFF,0xFFFF,0xFFFF,0xFFFF,0xFFFF,0xFFFF,0xFFFF,0xE800,0xE800,0xE020,0xDF1D,0xFFFF,0xFFFF,0xD249,0xD020,0xD000,0xF69A,0xFFDF,0xFFFF,0xFFFF,0xFFFF,0xFFFF,0xFFFF,0xFFFF,0xFFFF,0xFFFF,0xE020,0xE000,0xE000,0xC862,0xFFFF,0xD801,0xD800,0xD000,0xD000,0xC800,0xF71B,0xFFFF,0xFFFF,0xFFFF,0xFFFF,0xFFFF,0xFFFF,0xFFFF,0xFFFF,0xF7DF,0xE000,0xE000,0xE020,0xFFDF,0xFFBF,0xD001,0xD000,0xD000,0xC800,0xC800,0xF6BB,0xFFFF,0xFFFF,0xFFFF,0xFFFF,0xFFFF,0xFFFF,0xFFFF,0xFFFF,0xD800,0xD800,0xD800,0xD800,0xD820,0xC2CB,0xF7DF,0xC820,0xC800,0xC000,0xC000,0xF6FA,0xFFFF,0xFFFF,0xFFFF,0xFFFF,0xFFFF,0xFFFF,0xFFFF,0xC9E8,0xD800,0xD000,0xD000,0xD000,0xC800,0xC800,0x9020,0xB022,0xC000,0xC000,0xC861,0xFF3B,0xFFFF,0xFFFF,0xFFFF,0xFFFF,0xFFFF,0xFFFF,0xFFFE,0xD000,0xD000,0xC800,0xC800,0xC800,0xC000,0xC000,0xB000,0xB041,0xB800,0xB800,0xC021,0xFF1B,0xFFFF,0xFFFF,0xFFFF,0xFFFF,0xFFFF,0xFFFF,0xE3EF,0xDBCE,0xDBCE,0xDBCF,0xD3AE,0xD3CE,0xD3CE,0xD3CF,0xD3CF,0xD3CF,0xD3CF,0xD3CF,0xD3CE,0xF79D,0xFFFF,0xFFFF,0xFFFF,0xFFFF,0xFFFF,0xFFFF,0xFFFF,0xFFFF,0xFFFF,0xFFFF,0xFFFF,0xFFFF,0xFFFF,0xFFFF,0xFFFF,0xFFFF,0xFFFF,0xFFFF,0xFFFF,0xFFFF,0xFFFF,0xFFFF,0xFFFF,0xFFFF,0xFFFF,0xFFFF,0xFFFF,0xFFFF,0xFFFF,0xFFFF,0xFFFF,0xFFFF,0xFFFF,0xFFFF,0xFFFF,0xFFFF,0xFFFF,0xFFFF,0xFFFF,0xFFFF,0xFFFF,0xFFFF,0xFFFF,0xFFFF,0xFFFF,0xFFFF,0xFFFF,0xFFFF,0xFFFF,0xFFFF,0xFFFF,0xFFFF,0xFFFF,0xFFFF,0xFFFF,0xFFFF,0xFFFF};

// ========== fiji (20x20) ==========
static const uint16_t PROGMEM logo_fiji[] = {0x3944,0x3944,0x3944,0x3944,0x3944,0x3944,0x3944,0x3944,0x3944,0x3944,0x3944,0x3944,0x3944,0x3944,0x3944,0x3944,0x3944,0x3944,0x3944,0x3944,0x3944,0x3944,0x3944,0x3944,0x3944,0x3944,0x3944,0x3944,0x3944,0x3944,0x3944,0x3944,0x3944,0x3944,0x3944,0x3944,0x3944,0x3944,0x3944,0x3944,0x3944,0x3944,0x3944,0x3944,0x3944,0x3944,0x3944,0x3944,0x3944,0x3944,0x3944,0x3944,0x3944,0x3944,0x3944,0x3944,0x3944,0x3944,0x3944,0x3944,0x3944,0x3944,0x3944,0x3944,0x3944,0x3944,0x3164,0x3964,0x3144,0x2943,0x9490,0x3144,0x39A5,0x3164,0x3164,0x3944,0x3944,0x3944,0x3944,0x3944,0x3944,0x3944,0x3944,0x3944,0x3944,0x3944,0x3164,0xFF9C,0x2903,0x18A1,0xCE37,0xFFDE,0xBDB5,0x3144,0x3164,0x3944,0x3944,0x3944,0x3944,0x3944,0x3944,0x3944,0x3944,0x3944,0x3944,0x3184,0x2923,0x3164,0xFFFF,0x3964,0x3985,0x3985,0x736D,0xFFFF,0x6B2B,0x3143,0x3944,0x3944,0x3944,0x3944,0x3944,0x3944,0x3944,0x3164,0x3164,0x2923,0x3143,0x3964,0x3143,0x3944,0x3164,0x3164,0x3143,0x3143,0x3143,0xFFDE,0x3964,0x3943,0x3944,0x3944,0x3944,0x3944,0x3944,0x3964,0x5AA9,0xFFFF,0x3144,0x3142,0x3164,0x3944,0xEF5B,0x3164,0x3164,0x3123,0xB554,0x2903,0x3164,0x3164,0x3944,0x3944,0x3944,0x3944,0x3944,0x3984,0xFFFE,0x28E2,0x3143,0x3963,0x3123,0x41C5,0xFFDE,0x3144,0x3964,0x3944,0x3144,0x3164,0xFFFE,0x3964,0x3944,0x3944,0x3944,0x3944,0x3944,0x3963,0xD6BA,0x3144,0x3144,0x3944,0xE6FA,0x3164,0x41C6,0x3143,0x3964,0x3944,0x3944,0xFFDE,0x2923,0x3164,0x3944,0x3944,0x3944,0x3944,0x3944,0x18A1,0x20E2,0x6B4B,0x3943,0x3143,0xFFDE,0x3143,0xFFFF,0x3943,0x8BEE,0x3123,0x3944,0xFFFF,0x9CF3,0x3943,0x3944,0x3944,0x3944,0x3944,0x3944,0x2902,0x3143,0xDEBA,0x3984,0x3963,0x3123,0x7BAD,0x3143,0x7BAD,0x3123,0x3944,0x3944,0xFFFE,0x3144,0x3964,0x3944,0x3944,0x3944,0x3944,0x3944,0x3143,0xD678,0xFFDE,0x3984,0x3943,0x3964,0xC5D5,0xFFDE,0x3985,0x3123,0x3164,0x28E2,0x3984,0x0820,0x3964,0x3944,0x3944,0x3944,0x3944,0x3944,0x3943,0xFFBD,0x3164,0x39A5,0x2923,0x3164,0x3944,0x3944,0x3944,0x3943,0x2923,0x3143,0xBDB6,0x3985,0x3964,0x3944,0x3944,0x3944,0x3944,0x3944,0x3943,0x3164,0x2123,0x3964,0x62CA,0x3985,0x3944,0x3944,0x3944,0x732B,0xDEDA,0x2902,0xFFFF,0x3164,0x3964,0x3944,0x3944,0x3944,0x3944,0x3944,0x3944,0x3944,0x3184,0x20E2,0xFFDE,0xFFFE,0xFFDE,0x5AAA,0x3984,0xFFDE,0x7B8D,0x2902,0x3164,0x3944,0x3944,0x3944,0x3944,0x3944,0x3944,0x3944,0x3944,0x3944,0x3944,0x3144,0x39A5,0x3123,0x28E2,0xFFFF,0xF79D,0x3123,0xD657,0x3164,0x3944,0x3944,0x3944,0x3944,0x3944,0x3944,0x3944,0x3944,0x3944,0x3944,0x3944,0x3964,0x3964,0x3144,0x3964,0x2103,0x3964,0x3964,0x3964,0x3964,0x3944,0x3944,0x3944,0x3944,0x3944,0x3944,0x3944,0x3944,0x3944,0x3944,0x3944,0x3944,0x3944,0x3944,0x3944,0x3944,0x3944,0x3944,0x3944,0x3944,0x3944,0x3944,0x3944,0x3944,0x3944,0x3944,0x3944,0x3944,0x3944,0x3944,0x3944,0x3944,0x3944,0x3944,0x3944,0x3944,0x3944,0x3944,0x3944,0x3944,0x3944,0x3944,0x3944,0x3944,0x3944};

// ========== copa (20x20) ==========
static const uint16_t PROGMEM logo_copa[] = {0x02F5,0x02F5,0x02F5,0x02F5,0x02F5,0x02F5,0x02F5,0x02F5,0x02F5,0x02F5,0x02F5,0x02F5,0x02F5,0x02F5,0x02F5,0x02F5,0x02F5,0x02F5,0x02F5,0x02F5,0x02F5,0x02F5,0x02F5,0x02F5,0x02F5,0x02F5,0x02F5,0x02F5,0x02F5,0x02F5,0x02F5,0x02F5,0x02F5,0x02F5,0x02F5,0x02F5,0x02F5,0x02F5,0x02F5,0x02F5,0x02F5,0x02F5,0x02F5,0x02F5,0x02F5,0x02F5,0x02F5,0x02F5,0x02F5,0x02F5,0x02F5,0x02F5,0x02F5,0x02F5,0x02F5,0x02F5,0x02F5,0x02F5,0x02F5,0x02F5,0x02F5,0x02F5,0x02F5,0x02F5,0x02F5,0x02F5,0x02F5,0x02F5,0x02F5,0x02F5,0x02F5,0x02F5,0x02F5,0x02F5,0x02F5,0x02F5,0x02F5,0x02F5,0x02F5,0x02F5,0x02F5,0x02F5,0x02F5,0x02F5,0x02F5,0x02F5,0x02F5,0x02F5,0x02F5,0x02F5,0x02F5,0x02F5,0x02F5,0x02F5,0x02F5,0x02F5,0x02F5,0x02F5,0x02F5,0x02F5,0x0AD3,0x0315,0x02F5,0x0315,0x0316,0x02D5,0x0B15,0x2B31,0x95DA,0xD77E,0xFFDE,0xEFFF,0xCF5D,0x7D5A,0x1B12,0x0315,0x0335,0x02F5,0x02F5,0x02F5,0x43D2,0xDF9E,0xF7FE,0xFFFE,0xEFDE,0x4414,0x0AD3,0x0335,0x02F5,0x02F5,0x02F5,0x02F5,0x02F5,0x0315,0x0315,0x02F5,0x02F5,0x02F5,0x02F5,0x02F5,0xFFFE,0xAEDD,0x02F5,0x0B13,0x3392,0x95B9,0x8D98,0x0B12,0x02F5,0x02F5,0x02F5,0x02F5,0x0AF5,0x02F5,0x02F5,0x02F5,0x02F5,0x02F5,0x02F5,0x02F5,0xF7FF,0xFFBD,0xEFFF,0x02B3,0x1270,0xF7DF,0xFFFE,0xFFFF,0xFFFF,0xF7FF,0xCF7F,0x3BD6,0x0270,0x02D2,0x0336,0x02B2,0x02B1,0x7537,0x5D39,0x0B36,0x0AF4,0xEFFF,0xFFFF,0xFFFF,0xEFFF,0x1313,0x02F4,0x0AD1,0x02D3,0x0313,0x02F4,0x1AAF,0x0315,0x0315,0x02F5,0x0315,0x0315,0x0315,0x02F5,0x0315,0xFFDF,0xFFFF,0x0AF4,0xE77E,0xFFFF,0xFFFE,0xFFFF,0xFFFF,0xF7FF,0xF7FE,0xF7FF,0xFFFE,0x8DB9,0x0315,0x02F5,0x02F5,0x02F5,0x02F4,0x02F6,0x02F6,0x32EF,0xFFFE,0xF7FF,0x02D3,0x0315,0x02F4,0x64B6,0xFFDF,0xFFFF,0xFFFF,0xFFFF,0xFFFF,0xDFDF,0x6D18,0x23D5,0x1312,0x1312,0x1B33,0x5476,0xCF5F,0x02F4,0x02F6,0x0AF5,0xEFBE,0xFFFF,0xFFFF,0xFFFF,0x2B31,0x02F5,0x0B14,0x0316,0x0315,0x02F6,0x02B3,0x7517,0x02F5,0x02F5,0x02F5,0x02F6,0x0315,0x2AF0,0xFFDF,0xF7FF,0xFFFE,0x02D3,0x2311,0xFFFF,0xFFFF,0xFFFF,0xFFFF,0xFFFF,0xFFFF,0xFFFF,0xEFFF,0x0314,0x4BF4,0x0AF6,0x0315,0x02F5,0x02F5,0xFFFF,0xEFFF,0x02D3,0xFFFF,0xF7DE,0xF7FF,0x7579,0x0AF3,0x0315,0x0316,0x02D5,0x0315,0x02D3,0xE7FF,0xFFDE,0xF7FF,0x02B4,0x02F5,0x02F5,0x02F5,0x1AD3,0xFFFF,0xF79E,0x0314,0x0315,0x02F5,0x02F5,0x02F5,0x02F5,0x0315,0x02F5,0x02F5,0x02F5,0x02F5,0x02F5,0xD79E,0xEFDF,0x0B15,0x02F5,0x02F5,0xD7BF,0x02D4,0x02F5,0x02F5,0x02F5,0x02F5,0x02F5,0x02F5,0x02F5,0x02F4,0x0B35,0x0B15,0x02D4,0x02D5,0x02F5,0x02F5,0x12D0,0x0AD2,0x02F5,0x02F5,0x02F5,0x02F5,0x02F5,0x02F5,0x02F5,0x0315,0x1AF0,0xFFDE,0xFFFF,0xFFFF,0xFFFF,0xFFFF,0xFFFF,0xFFFF,0xFFDE,0xE7DE,0x02F6,0xEFDE,0x02F5,0x02F5,0x02F5,0x0315,0x02F5,0x0315,0xF7DF,0xFFDF,0xEFFE,0x4C34,0x02D4,0x02F5,0x02F5,0x02F5,0x02F5,0x0315,0xC75E,0xFFDF,0xFFFF,0x02F5,0x02F4,0x02F5,0x02F5,0x02F6,0xF7FF,0xEFBE,0x0B56,0x02D3,0x0315,0x02F5,0x02F5,0x02F5,0x02F5,0x02F5,0x02F5,0x02F5,0x02F5,0x0316,0xE7FF,0xFFDE,0x02F5,0x02F5};

// ========== swiss (20x20) ==========
static const uint16_t PROGMEM logo_swiss[] = {0xFFFF,0xFFFF,0xFFFF,0xFFFF,0xFFFF,0xFFFF,0xFFFF,0xFFFF,0xFFFF,0xFF9E,0xD128,0xD128,0xD128,0xD128,0xD128,0xD128,0xD128,0xD128,0xD128,0xD128,0xFFFF,0xFFFF,0xFFFF,0xFFFF,0xFFFF,0xFFFF,0xFFFF,0xFFFF,0xFFFF,0xC845,0xC845,0xC845,0xC845,0xC845,0xC845,0xC845,0xC845,0xC845,0xC845,0xC845,0xFFFF,0xFFFF,0xFFFF,0xFFFF,0xFFFF,0xFFFF,0xFFFF,0xFFFF,0xC845,0xC845,0xC845,0xC845,0xC845,0xC845,0xC845,0xC845,0xC845,0xC845,0xC845,0xC845,0xFFFF,0xFFFF,0xFFFF,0xFFFF,0xFFFF,0xFFFF,0xFFFF,0xC845,0xC845,0xC845,0xC845,0xC845,0xC845,0xC845,0xC845,0xC845,0xC845,0xC845,0xC845,0xC825,0xFFFF,0xFFFF,0xFFFF,0xFFFF,0xFFFF,0xFFFF,0xC824,0xC845,0xFFFF,0xFFFF,0xFFFF,0xFFFF,0xC845,0xC845,0xC845,0xC845,0xC845,0xC845,0xC845,0xF6DB,0xFFFF,0xFFFF,0xFFFF,0xFFFF,0xFFFF,0xED14,0xC845,0xC845,0xFFFF,0xFFFF,0xFFFF,0xFFFF,0xC845,0xC845,0xC845,0xC845,0xC845,0xC845,0xC845,0xFFFF,0xFFFF,0xFFFF,0xFFFF,0xFFFF,0xFFFF,0xC845,0xC845,0xC845,0xFFFF,0xFFFF,0xFFFF,0xFFFF,0xC845,0xC845,0xC845,0xC845,0xC845,0xC845,0xC845,0xFFFF,0xFFFF,0xFFFF,0xFFFF,0xFFFF,0xC845,0xC845,0xC845,0xC845,0xFFFF,0xFFFF,0xFFFF,0xFFFF,0xC845,0xC845,0xC845,0xC845,0xC845,0xC845,0xC845,0xFFFF,0xFFFF,0xFFFF,0xFFFF,0xC845,0xC823,0xC823,0xC823,0xC823,0xFFFF,0xFFFF,0xFFFF,0xFFFF,0xC823,0xC823,0xC823,0xC823,0xC825,0xC845,0xF69A,0xFFFF,0xFFFF,0xFFFF,0xC844,0xC845,0xFFFF,0xFFFF,0xFFFF,0xFFFF,0xFFFF,0xFFFF,0xFFFF,0xFFFF,0xFFFF,0xFFFF,0xFFFF,0xFFFF,0xDA0A,0xC845,0xFFFF,0xFFFF,0xFFFF,0xDB4E,0xC845,0xC845,0xFFFF,0xFFFF,0xFFFF,0xFFFF,0xFFFF,0xFFFF,0xFFFF,0xFFFF,0xFFFF,0xFFFF,0xFFFF,0xFFFF,0xDA0A,0xC845,0xFFFF,0xFFFF,0xFFFF,0xC845,0xC845,0xC845,0xFFFF,0xFFFF,0xFFFF,0xFFFF,0xFFFF,0xFFFF,0xFFFF,0xFFFF,0xFFFF,0xFFFF,0xFFFF,0xFFFF,0xDA0A,0xC845,0xFFFF,0xFFFF,0xC845,0xC845,0xC845,0xC845,0xC845,0xC845,0xC845,0xC845,0xFFFF,0xFFFF,0xFFFF,0xFFFF,0xC845,0xC845,0xC845,0xC845,0xC845,0xFF1C,0xFFFF,0xFFFF,0xC845,0xC845,0xC845,0xC845,0xC845,0xC845,0xC845,0xC845,0xFFFF,0xFFFF,0xFFFF,0xFFFF,0xC845,0xC845,0xC845,0xC845,0xC845,0xFFFF,0xFFFF,0xFFFF,0xC845,0xC845,0xC845,0xC845,0xC845,0xC845,0xC845,0xC845,0xFFFF,0xFFFF,0xFFFF,0xFFFF,0xC845,0xC845,0xC845,0xC845,0xC845,0xFFFF,0xFFFF,0xFFFF,0xC845,0xC845,0xC845,0xC845,0xC845,0xC845,0xC845,0xC845,0xFFFF,0xFFFF,0xFFFF,0xFFFF,0xC845,0xC845,0xC845,0xC845,0xC845,0xFFFF,0xFFFF,0xFFFF,0xC845,0xC845,0xC845,0xC845,0xC845,0xC845,0xC845,0xC845,0xFF7E,0xFF7D,0xFF7D,0xFF7D,0xC845,0xC845,0xC845,0xC845,0xEDB7,0xFFFF,0xFFFF,0xFFFF,0xC845,0xC845,0xC845,0xC845,0xC845,0xC845,0xC845,0xC845,0xC845,0xC845,0xC845,0xC845,0xC845,0xC845,0xC845,0xC845,0xFFFF,0xFFFF,0xFFFF,0xFFFF,0xC845,0xC845,0xC845,0xC845,0xC845,0xC845,0xC845,0xC845,0xC845,0xC845,0xC845,0xC845,0xC845,0xC845,0xC845,0xC845,0xFFFF,0xFFFF,0xFFFF,0xFFFF,0xC845,0xC845,0xC845,0xC845,0xC845,0xC845,0xC845,0xC845,0xC845,0xC845,0xC845,0xC845,0xC845,0xC845,0xC845,0xC845,0xFFFF,0xFFFF,0xFFFF,0xFFFF};

// ========== sas (20x20) ==========
static const uint16_t PROGMEM logo_sas[] = {0x0013,0x0013,0x0013,0x0013,0x0013,0x0013,0x0013,0x0013,0x0013,0x0013,0x0013,0x0013,0x0013,0x0013,0x0013,0x0013,0x0013,0x0013,0x0013,0x0013,0x0013,0x0013,0x0013,0x0013,0x0013,0x0013,0x0013,0x0013,0x0013,0x0013,0x0013,0x0013,0x0013,0x0013,0x0013,0x0013,0x0013,0x0013,0x0013,0x0013,0x0013,0x0013,0x0013,0x0013,0x0013,0x0013,0x0013,0x0013,0x0013,0x0013,0x0013,0x0013,0x0013,0x0013,0x0013,0x0013,0x0013,0x0013,0x0013,0x0013,0x0013,0x0013,0x0013,0x0013,0x0013,0x0013,0x0013,0x0013,0x0013,0x0013,0x0013,0x0013,0x0013,0x0013,0x0013,0x0013,0x0013,0x0013,0x0013,0x0013,0x0013,0x0013,0x0013,0x0013,0x0013,0x0013,0x0013,0x0013,0x0013,0x0013,0x0013,0x0013,0x0013,0x0013,0x0013,0x0013,0x0013,0x0013,0x0013,0x0013,0x0013,0x0013,0x0013,0x0013,0x0013,0x0013,0x0013,0x0013,0x0013,0x0013,0x0013,0x0013,0x0013,0x0013,0x0013,0x0013,0x0013,0x0013,0x0013,0x0013,0x0013,0x0013,0x0013,0x0013,0x0013,0x0013,0x0013,0x0013,0x0013,0x0013,0x0013,0x0013,0x0013,0x0013,0x0013,0x0013,0x0013,0x0013,0x0013,0x0013,0x0013,0x0013,0x0013,0x0013,0x0013,0x0013,0x0013,0x0013,0x0013,0x0013,0x0013,0x0013,0x0013,0x0013,0x0013,0x0013,0x0013,0x0013,0x0013,0x0013,0x0013,0x0013,0x0013,0x0013,0x0013,0xE77F,0xEF5C,0xE73E,0x0013,0x0013,0xEF5C,0xEF5C,0x0013,0x0013,0xEF5C,0xDEBF,0xEF5D,0x0013,0x0013,0x0013,0x0013,0x0013,0x0013,0x0013,0x0013,0xEF5C,0xEF5C,0x0013,0x0013,0x18F1,0xEF5C,0xEF5C,0x0013,0xEF7F,0xEF5C,0x0013,0x0013,0x0013,0x0013,0x0013,0x0013,0x0013,0x0013,0x0013,0x0013,0xEF5C,0xEF5C,0x0013,0x0012,0x0013,0xEF5C,0xEF5D,0x0013,0x0013,0xEF5C,0x0013,0x0013,0x0013,0x0013,0x0013,0x0013,0x0013,0x0013,0x0013,0x0013,0xAD5B,0xEF5C,0x0013,0xEF5C,0xEF5C,0xEF5C,0x000F,0x0013,0x0013,0xEF5C,0x084F,0x0013,0x0013,0x0013,0x0013,0x0013,0x0013,0x0013,0xA51A,0xE75C,0xEF5C,0xE73F,0xEF5D,0x0013,0x0011,0xEF5C,0x0013,0xEF5C,0xEF5C,0xEF5C,0x0013,0x0013,0x0013,0x0013,0x0013,0x0013,0x0013,0x0013,0x0013,0x0013,0x0013,0x0013,0x0013,0x0013,0x0013,0x0013,0x0013,0x0013,0x0013,0x0013,0x0013,0x0013,0x0013,0x0013,0x0013,0x0013,0x0013,0x0013,0x0013,0x0013,0x0013,0x0013,0x0013,0x0013,0x0013,0x0013,0x0013,0x0013,0x0013,0x0013,0x0013,0x0013,0x0013,0x0013,0x0013,0x0013,0x0013,0x0013,0x0013,0x0013,0x0013,0x0013,0x0013,0x0013,0x0013,0x0013,0x0013,0x0013,0x0013,0x0013,0x0013,0x0013,0x0013,0x0013,0x0013,0x0013,0x0013,0x0013,0x0013,0x0013,0x0013,0x0013,0x0013,0x0013,0x0013,0x0013,0x0013,0x0013,0x0013,0x0013,0x0013,0x0013,0x0013,0x0013,0x0013,0x0013,0x0013,0x0013,0x0013,0x0013,0x0013,0x0013,0x0013,0x0013,0x0013,0x0013,0x0013,0x0013,0x0013,0x0013,0x0013,0x0013,0x0013,0x0013,0x0013,0x0013,0x0013,0x0013,0x0013,0x0013,0x0013,0x0013,0x0013,0x0013,0x0013,0x0013,0x0013,0x0013,0x0013,0x0013,0x0013,0x0013,0x0013,0x0013,0x0013,0x0013,0x0013,0x0013,0x0013,0x0013,0x0013,0x0013,0x0013,0x0013,0x0013,0x0013,0x0013,0x0013,0x0013,0x0013,0x0013,0x0013,0x0013,0x0013,0x0013};

// ========== tap_portugal (20x20) ==========
static const uint16_t PROGMEM logo_tap[] = {0xFFFF,0xFFFF,0xFFFF,0xFFFF,0xFFFF,0xFFFF,0xFFFF,0xFFFF,0xFFFF,0xFFFF,0xFFFF,0xFFFF,0xFFFF,0xFFFF,0xFFFF,0xFFFF,0xFFFF,0xFFFF,0xFFFF,0xFFFF,0xFFFF,0xFFFF,0xFFFF,0xFFFF,0xFFFF,0xFFFF,0xFFFF,0xFFFF,0xFFFF,0xFFFF,0xFFFF,0xFFFF,0xFFFF,0xFFFF,0xFFFF,0xFFFF,0xFFFF,0xFFFF,0xFFFF,0xFFFF,0xFFFF,0xFFFF,0xFFFF,0xFFFF,0xFFFF,0xFFFF,0xFFFF,0xFFFF,0xFFFF,0xFFFF,0xFFFF,0xFFFF,0xFFFF,0xFFFF,0xFFFF,0xFFFF,0xFFFF,0xFFFF,0xFFFF,0xFFFF,0xFFFF,0xFFFF,0xFFFF,0xFFFF,0xFFFF,0xFFFF,0xFFFF,0xFFFF,0xFFFF,0xFFFF,0xFFFF,0xFFFF,0xFFFF,0xFFFF,0xFFFF,0xFFFF,0xFFFF,0xFFFF,0xFFFF,0xFFFF,0xFFFF,0xFFFF,0xFFFF,0xFFFF,0xFFFF,0xFFFF,0xFFFF,0xFFFF,0xFFFF,0xFFFF,0xFFFF,0xFFFF,0xFFFF,0xFFFF,0xFFFF,0xFFFF,0xFFFF,0xFFFF,0xFFFF,0xFFFF,0xFFFF,0xFFFF,0xFFFF,0xFFFF,0xFFFF,0xFFFF,0xFFFF,0xFFFF,0xFFFF,0xFFFF,0xFFFF,0xFFFF,0xFFFF,0xFFFF,0xFFFF,0xFFFF,0xFFFF,0xFFFF,0xFFFF,0xFFFF,0xFFFF,0xFFFF,0xBE86,0xBE86,0xBE86,0xBE86,0x6DA8,0x6DA8,0x6DA8,0xBE86,0xBE86,0xD905,0xFFFF,0xD905,0xD905,0xD905,0xD905,0xD905,0xFFFF,0xFFFF,0xFFFF,0xFFFF,0xBE86,0xBE86,0xBE86,0xBE86,0x6DA8,0x6DA8,0x6DA8,0xBE86,0xBE86,0xD905,0xD905,0xD905,0xD905,0xD905,0xD905,0xD905,0xD905,0xFFFF,0xFFFF,0xFFFF,0xFFFF,0xFFFF,0xBE86,0xBE86,0x6DA8,0xBE86,0xBE86,0xBE86,0xBE86,0xA0E4,0xD905,0xD905,0xFFFF,0xFFFF,0xD905,0xD905,0xD905,0xFFFF,0xFFFF,0xFFFF,0xFFFF,0xFFFF,0xBE86,0x6DA8,0x6DA8,0xBE86,0xFFFF,0xBE86,0xBE86,0xA0E4,0xD905,0xD905,0xFFFF,0xFFFF,0xD905,0xD905,0xD905,0xFFFF,0xFFFF,0xFFFF,0xFFFF,0xFFFF,0xBE86,0x6DA8,0x6DA8,0xBE86,0xFFFF,0xBE86,0xBE86,0xA0E4,0xD905,0xD905,0xD905,0xD905,0xD905,0xD905,0xD905,0xFFFF,0xFFFF,0xFFFF,0xFFFF,0xFFFF,0xBE86,0x6DA8,0x6DA8,0xBE86,0xBE86,0xBE86,0xBE86,0xA0E4,0xC905,0xD905,0xD905,0xD905,0xD905,0xD905,0xFFFF,0xFFFF,0xFFFF,0xFFFF,0xFFFF,0xFFFF,0xBE86,0x6DA8,0x6DA8,0xBE86,0xBE86,0xBE86,0xBE86,0xA0E4,0xFFFF,0xD905,0xD905,0xD905,0xFF1C,0xFFFF,0xFFFF,0xFFFF,0xFFFF,0xFFFF,0xFFFF,0xFFFF,0x6DA8,0x6DA8,0x6DA8,0xBE86,0xBE86,0xBE86,0xBE86,0xA0E4,0xFFFF,0xD905,0xFFFF,0xFFFF,0xFFFF,0xFFFF,0xFFFF,0xFFFF,0xFFFF,0xFFFF,0xFFFF,0xFFFF,0x6DA8,0x6DA8,0x6DA8,0xFFFF,0xFFFF,0xFFFF,0xFFDD,0xA0E4,0xA0E4,0xD905,0xFFFF,0xFFFF,0xFFFF,0xFFFF,0xFFFF,0xFFFF,0xFFFF,0xFFFF,0xFFFF,0xFFFF,0xFFFF,0xFFFF,0xFFFF,0xFFFF,0xFFFF,0xFFFF,0xFFFF,0xFFFF,0xFFFF,0xFFFF,0xFFFF,0xFFFF,0xFFFF,0xFFFF,0xFFFF,0xFFFF,0xFFFF,0xFFFF,0xFFFF,0xFFFF,0xFFFF,0xFFFF,0xFFFF,0xFFFF,0xFFFF,0xFFFF,0xFFFF,0xFFFF,0xFFFF,0xFFFF,0xFFFF,0xFFFF,0xFFFF,0xFFFF,0xFFFF,0xFFFF,0xFFFF,0xFFFF,0xFFFF,0xFFFF,0xFFFF,0xFFFF,0xFFFF,0xFFFF,0xFFFF,0xFFFF,0xFFFF,0xFFFF,0xFFFF,0xFFFF,0xFFFF,0xFFFF,0xFFFF,0xFFFF,0xFFFF,0xFFFF,0xFFFF,0xFFFF,0xFFFF,0xFFFF,0xFFFF,0xFFFF,0xFFFF,0xFFFF,0xFFFF,0xFFFF,0xFFFF,0xFFFF,0xFFFF,0xFFFF,0xFFFF,0xFFFF,0xFFFF,0xFFFF,0xFFFF,0xFFFF,0xFFFF,0xFFFF,0xFFFF,0xFFFF,0xFFFF,0xFFFF,0xFFFF,0xFFFF,0xFFFF,0xFFFF,0xFFFF,0xFFFF,0xFFFF,0xFFFF,0xFFFF,0xFFFF,0xFFFF,0xFFFF,0xFFFF,0xFFFF};

// ========== ita_airways (20x20) ==========
static const uint16_t PROGMEM logo_ita[] = {0xFFFF,0xFFFF,0xFFFF,0xFFFF,0xFFFF,0xFFFF,0xFFFF,0xFFFF,0xFFFF,0xFFFF,0xFFFF,0xFFFF,0xFFFF,0xFFFF,0xFFFF,0xFFFF,0xFFFF,0xFFFF,0xFFFF,0xFFFF,0xFFFF,0xFFFF,0xFFFF,0xFFFF,0xFFFF,0xFFFF,0xFFFF,0xFFFF,0xFFFF,0xFFFF,0xFFFF,0xFFFF,0xFFFF,0xFFFF,0xFFFF,0xFFFF,0xFFFF,0xFFFF,0xFFFF,0xFFFF,0xFFFF,0xFFFF,0xFFFF,0xFFFF,0xFFFF,0xFFFF,0xFFFF,0xFFFF,0xFFFF,0xFFFF,0xFFFF,0xFFFF,0xFFFF,0xFFFF,0xFFFF,0xFFFF,0xFFFF,0xFFFF,0xFFFF,0xFFFF,0xFFFF,0xFFFF,0xFFFF,0xFFFF,0xFFFF,0xFFFF,0xFFFF,0xFFFF,0xFFFF,0xFFFF,0xFFFF,0xFFFF,0xFFFF,0xFFFF,0xFFFF,0xFFFF,0xFFFF,0xFFFF,0xFFFF,0xFFFF,0xFFFF,0xFFFF,0xFFFF,0xFFFF,0xFFFF,0xFFFF,0xFFFF,0xFFFF,0xFFFF,0xFFFF,0xFFFF,0xFFFF,0xFFFF,0x22C9,0x0328,0x0328,0x0328,0x0328,0x0328,0x1329,0xFFFF,0xFFFF,0xFFFF,0xFFFF,0xFFFF,0xFFFF,0xFFFF,0xFFFF,0xFFFF,0xFFFF,0xFFFF,0xFFFF,0x12A7,0x0328,0x0328,0x0328,0x0328,0x0328,0x0328,0xE7FF,0xFFFF,0xFFFF,0xFFFF,0xFFFF,0xFFFF,0xFFFF,0xFFFF,0xFFFF,0xFFFF,0xFFFF,0xFFFF,0x0A46,0x0328,0x0328,0x0328,0x1B09,0x0328,0x0328,0x0328,0xFFDF,0xFFFF,0xFFFF,0xFFFF,0xFFFF,0xFFFF,0xFFFF,0xFFFF,0xFFFF,0xFFFF,0xFFFF,0x336B,0x0328,0x0328,0x0328,0x12E8,0xFFFF,0x0328,0x0328,0x0328,0xFFFF,0xFFFF,0xFFFF,0xFFFF,0xFFFF,0xFFFF,0xFFFF,0xFFFF,0xFFFF,0xFFFF,0x74F2,0x0328,0x0328,0x0328,0x1329,0xFFFF,0xF7DF,0x0328,0x0328,0x0348,0xFFFF,0xFFFF,0xFFFF,0xFFFF,0xFFFF,0xFFFF,0xFFFF,0xFFFF,0xFFFF,0xCFBC,0x0328,0x0328,0x0328,0x1349,0xFFFF,0xFFFF,0x3B6B,0x0328,0x0328,0x12C8,0xFFFF,0xFFFF,0xFFFF,0xFFFF,0xFFFF,0xFFFF,0xFFFF,0xFFFF,0xDFFE,0x0328,0x0328,0x0328,0x1349,0xFFFF,0xFFFF,0xFFFF,0x0328,0x0328,0x0328,0xF7FF,0xFFFF,0xFFFF,0xFFFF,0xFFFF,0xFFFF,0xFFFF,0xFFFF,0xDFFE,0x0328,0x0328,0x0328,0x0B28,0xFFFF,0xFFFF,0xFF7C,0xFFFF,0x0348,0x0328,0x0328,0xFFFF,0xFFFF,0xFFFF,0xFFFF,0xFFFF,0xFFFF,0xFFFF,0xF7FF,0x0328,0x0328,0x0308,0x0B49,0xFFFF,0xFFFF,0xC125,0xFFFF,0xFFDF,0x0328,0x0328,0x0308,0xFFFF,0xFFFF,0xFFFF,0xFFFF,0xFFFF,0xFFFF,0xE7BE,0x0328,0x0328,0x0328,0x0308,0xFFFF,0xFFBF,0xC125,0xC125,0xFFFF,0xE7FF,0x0328,0x0328,0x0348,0xFFFF,0xFFFF,0xFFFF,0xFFFF,0xFFFF,0xEFFF,0x0328,0x0328,0x0328,0x0B49,0xFFFF,0xFFDF,0xC125,0xC125,0xC126,0xFFFF,0x0328,0x0328,0x0328,0xD7DD,0xFFFF,0xFFFF,0xFFFF,0xFFFF,0xFFFF,0x0328,0x0328,0x0328,0x138A,0xFFFF,0xFFDF,0xC125,0xC125,0xC125,0xFF7D,0xFFFF,0x0308,0x0328,0x0328,0xF7FF,0xFFFF,0xFFFF,0xFFFF,0xF7FF,0x0328,0x0348,0x0348,0x02E7,0xFFFF,0xFFFF,0xC125,0xC125,0xC125,0xC125,0xFFFF,0xFFDF,0x0348,0x0328,0x0308,0xFFFF,0xFFFF,0xFFFF,0xFFFF,0xFFFF,0xFFFF,0xFFFF,0xFFFF,0xFFFF,0xFFFF,0xFFFF,0xFFFF,0xFFFF,0xFFFF,0xFFFF,0xFFFF,0xFFFF,0xFFFF,0xFFFF,0xFFFF,0xFFFF,0xFFFF,0xFFFF,0xFFFF,0xFFFF,0xFFFF,0xFFFF,0xFFFF,0xFFFF,0xFFFF,0xFFFF,0xFFFF,0xFFFF,0xFFFF,0xFFFF,0xFFFF,0xFFFF,0xFFFF,0xFFFF,0xFFFF,0xFFFF,0xFFFF,0xFFFF,0xFFFF,0xFFFF,0xFFFF,0xFFFF,0xFFFF,0xFFFF,0xFFFF,0xFFFF,0xFFFF,0xFFFF,0xFFFF,0xFFFF,0xFFFF,0xFFFF,0xFFFF,0xFFFF,0xFFFF,0xFFFF,0xFFFF,0xFFFF};

// ========== aer_lingus (20x20) ==========
static const uint16_t PROGMEM logo_aerlingus[] = {0xFFFF,0xFFFF,0xFFFF,0xFFFF,0xFFFF,0xFFFF,0xFFFF,0xFFFF,0xFFFF,0xFFFF,0xFFFF,0xFFFF,0xFFFF,0xFFFF,0xFFFF,0xFFFF,0xFFFF,0xFFFF,0xFFFF,0xFFFF,0xFFFF,0xFFFF,0xFFFF,0xFFFF,0xFFFF,0xFFFF,0xFFFF,0xFFFF,0xFFFF,0xFFFF,0xFFFF,0xFFFF,0xFFFF,0xFFFF,0xFFFF,0xFFFF,0xFFFF,0xFFFF,0xFFFF,0xFFFF,0xFFFF,0xFFFF,0xFFFF,0xFFFF,0xFFFF,0xFFFF,0xFFFF,0xFFFF,0xFFFF,0xFFFF,0xFFFF,0xFFFF,0xFFFF,0xFFFF,0xFFFF,0xFFFF,0xFFFF,0xFFFF,0xFFFF,0xFFFF,0xFFFF,0xFFFF,0xFFFF,0xFFFF,0xFFFF,0xFFFF,0xFFFF,0xFFFF,0xFFFF,0xFFFF,0xFFFF,0xFFFE,0xFFFF,0xFFFF,0xFFDF,0xFFFF,0xFFFF,0xFFFF,0xFFFF,0xFFFF,0xFFFF,0xFFFF,0xFFFF,0xFFFF,0xFFFF,0xFFFF,0xFFFF,0xFFFF,0xFFFF,0xFFFE,0x8DC3,0x8DC2,0x8584,0x8DC1,0x8DC3,0xE756,0xFFFF,0xFFFF,0xFFFF,0xFFFF,0xFFFF,0xFFFF,0xFFFF,0xFFFF,0xFFFF,0xFFFF,0xFFFF,0xFFFF,0xFFDE,0x85E2,0x8DC3,0x8DC3,0x8DC3,0x8DC3,0x8DC3,0x85A3,0xFFFF,0xFFFF,0xFFFF,0xFFFF,0xFFFF,0xFFFF,0xFFFF,0xFFFF,0xFFFF,0xFFFF,0xFFFF,0xFFFF,0xEFD7,0x8DC3,0x8DC3,0x8DC3,0x8DC3,0x8DC3,0x8DC3,0x8543,0xFFFE,0xFFFF,0xFFFF,0xFFFF,0xFFFF,0xFFFF,0xFFFF,0xFFFF,0xFFFF,0xFFFF,0xFFFF,0xFFFF,0x8DC3,0x8DC2,0x8DC3,0x8DC3,0x8DC3,0x8DC3,0x85E2,0xFFFF,0xFFFF,0xFFFF,0xFFFF,0xFFFF,0xFFFF,0xFFFF,0xFFFF,0xFFFF,0xFFFF,0xFFFD,0xE778,0xFFDF,0xB64D,0x8DC3,0x8DC3,0x8DC3,0x8DC3,0x85A3,0xFFFF,0x85A0,0x8543,0xF79F,0xFFFF,0xFFFF,0xFFFF,0xFFFF,0xFFFF,0xFFFF,0xCEF4,0x8DC4,0x8DC3,0x8DC2,0xFFFD,0x8DC3,0x8DC3,0x8DC2,0xFFFD,0x8DC2,0x8DC3,0x8DC3,0x8DC3,0x8DE2,0xFFFF,0xFFFF,0xFFFF,0xFFFF,0xFFFF,0xFFDF,0x85A2,0x8DC3,0x8DC3,0x8DC3,0x8DC2,0xE79B,0x85A4,0x9E29,0x8DC2,0x8DC3,0x8DC3,0x8DC3,0x8DC3,0x85C3,0xFFFE,0xFFFF,0xFFFF,0xFFFF,0xFFFF,0x8DC4,0x8DC3,0x8DC3,0x8DC3,0x8DC3,0x8DC3,0x8D65,0x8DE4,0x8DC3,0x8DC3,0x8DC3,0x8DC3,0x8DC3,0x8DC2,0x95C6,0xFFFF,0xFFFF,0xFFFF,0xFFFF,0xFFFF,0x8DC3,0x8DC3,0x8DC3,0x8DC3,0x8DC4,0x85A2,0x95C5,0x85C3,0x8DC3,0x8DC3,0x8DC3,0x8DC3,0x8DC3,0x8DC2,0x8DC2,0xFFFF,0xFFFF,0xFFFF,0xFFFF,0xFFFF,0x85E3,0x8DC2,0x8E02,0x8DA4,0xFFDF,0x7D61,0xFFFF,0xFFDF,0x8DC2,0x8DC2,0x8DC3,0x8DC3,0x8DC3,0x8DC3,0x8DC2,0xFFFF,0xFFFF,0xFFFF,0xFFFF,0xFFFF,0xFFFF,0xFFFF,0xFFDF,0xFFFE,0x8DC3,0xFFFF,0xFFFF,0xFFFF,0xFFFF,0x8DA4,0x8DC2,0x8DC3,0x8DC2,0x8DA2,0xFFDE,0xFFFF,0xFFFF,0xFFFF,0xFFFF,0xFFFF,0xFFFF,0xFFFF,0xFFFE,0x8DE3,0xF7BB,0xFFFF,0xFFFF,0xFFFF,0xFFFF,0xFFFF,0xFFFF,0xFFFF,0xFFFF,0xFFFF,0xFFFF,0xFFFF,0xFFFF,0xFFFF,0xFFFF,0xFFFF,0xFFFF,0xFFFF,0xFFFF,0xFFFD,0xFFFF,0xFFFF,0xFFFF,0xFFFF,0xFFFF,0xFFFF,0xFFFF,0xFFFF,0xFFFF,0xFFFF,0xFFFF,0xFFFF,0xFFFF,0xFFFF,0xFFFF,0xFFFF,0xFFFF,0xFFFF,0xFFBF,0xFFFF,0xFFFF,0xFFFF,0xFFFF,0xFFFF,0xFFFF,0xFFFF,0xFFFF,0xFFFF,0xFFFF,0xFFFF,0xFFFF,0xFFFF,0xFFFF,0xFFFF,0xFFFF,0xFFFF,0xFFFF,0xFFFF,0xFFFF,0xFFFF,0xFFFF,0xFFFF,0xFFFF,0xFFFF,0xFFFF,0xFFFF,0xFFFF,0xFFFF,0xFFFF,0xFFFF,0xFFFF,0xFFFF,0xFFFF,0xFFFF,0xFFFF,0xFFFF,0xFFFF,0xFFFF,0xFFFF,0xFFFF,0xFFFF,0xFFFF,0xFFFF,0xFFFF,0xFFFF,0xFFFF,0xFFFF,0xFFFF,0xFFFF,0xFFFF,0xFFFF,0xFFFF,0xFFFF};

// ========== air_premia (20x20) ==========
static const uint16_t PROGMEM logo_airpremia[] = {0xEF5D,0xEF5D,0xEF5D,0xEF5D,0xEF5D,0xEF5D,0xEF5D,0xEF5D,0xEF5D,0xEF5D,0xEF5D,0xEF5D,0xEF5D,0xEF5D,0xEF5D,0xEF5D,0xEF5D,0xEF5D,0xEF5D,0xEF5D,0xEF5D,0xEF5D,0xEF5D,0xEF5D,0xEF5D,0xEF5D,0xEF5D,0xEF5D,0xEF5D,0xEF5D,0xEF5D,0xEF5D,0xEF5D,0xEF5D,0xEF5D,0xEF5D,0xEF5D,0xEF5D,0xEF5D,0xEF5D,0xEF5D,0xEF5D,0xEF5D,0xEF5D,0xEF5D,0xEF5D,0xEF5D,0xEF5D,0xEF5D,0xEF5D,0xEF5D,0xEF5D,0xEF5D,0xEF5D,0xEF5D,0xEF5D,0xEF5D,0xEF5D,0xEF5D,0xEF5D,0xE75D,0x216A,0x216A,0x216A,0x216A,0x216A,0x2125,0xEF5D,0xEF5D,0xEF5D,0xEF5D,0xEF5D,0xEF5D,0xEF5D,0xEF5D,0xEF5D,0xEF5D,0xEF5D,0xEF5D,0xEF5D,0xEF5D,0x216A,0x216A,0x216A,0x216A,0x216A,0x216A,0x2969,0xEF5D,0xEF5D,0xEF5D,0xEF5D,0xEF5D,0xEF5D,0xEF5D,0xEF5D,0xEF5D,0xEF5D,0xEF5D,0xEF5D,0xEF5D,0xEF5D,0x216A,0x216A,0x216A,0x216A,0x216A,0x216A,0x2167,0xEF5D,0xEF5D,0xEF5D,0xEF5D,0xEF5D,0xEF5D,0xEF5D,0xEF5D,0xEF5D,0xEF5D,0xEF5D,0xEF5D,0xEF5D,0x216A,0x216A,0x216A,0x216A,0x216A,0x216A,0x216A,0x3187,0xEF5D,0xEF5D,0xEF5D,0xEF5D,0xEF5D,0xEF5D,0xEF5D,0xEF5D,0xEF5D,0xEF5D,0xEF5D,0xEF5D,0xEF5D,0x216A,0x216A,0x216A,0x216A,0x216A,0x216A,0x216A,0xEF5D,0xEF5D,0xEF5D,0xEF5D,0xEF5D,0xEF5D,0xEF5D,0xEF5D,0xEF5D,0xEF5D,0xEF5D,0xEF5D,0xEF5D,0x214A,0x216A,0x216A,0x216A,0x216A,0x216A,0x216A,0x216A,0xE75C,0xEF5D,0xEF5D,0xEF5D,0xEF5D,0xEF5D,0xEF5D,0xEF5D,0xEF5D,0xEF5D,0xEF5D,0xEF5D,0xE73C,0x3906,0x216A,0x216A,0x216A,0xF285,0xEAA5,0xF2A4,0x216A,0xEF5D,0xEF5D,0xEF5D,0xEF5D,0xEF5D,0xEF5D,0xEF5D,0xEF5D,0xEF5D,0xEF5D,0xEF5D,0xEF5D,0xEAA5,0x198B,0x216A,0xF2A5,0xEAA5,0xEAA5,0xEAA5,0xF266,0x216A,0xEF3D,0xEF5D,0xEF5D,0xEF5D,0xEF5D,0xEF5D,0xEF5D,0xEF5D,0xEF5D,0xEF5D,0xEF5D,0x6943,0xF2A6,0x216A,0xEAA5,0xEAA5,0xEAA5,0xEAA5,0xEAA5,0x216A,0x3148,0xEF5D,0xEF5D,0xEF5D,0xEF5D,0xEF5D,0xEF5D,0xEF5D,0xEF5D,0xEF5D,0xEF5D,0xEF5D,0xF2A5,0x216A,0xEAA5,0xEAA5,0xEAA5,0xEAA5,0xEAA5,0x216A,0x3148,0xEAA5,0xEF5D,0xEF5D,0xEF5D,0xEF5D,0xEF5D,0xEF5D,0xEF5D,0xEF5D,0xEF5D,0xEF5D,0xF266,0x216A,0xEAA5,0xEAA5,0xEAA5,0xEAA5,0xEAA5,0x216A,0x3148,0xEAA5,0xEAA5,0xEF5D,0xEF5D,0xEF5D,0xEF5D,0xEF5D,0xEF5D,0xEF5D,0xEF5D,0xEF5D,0xEF5D,0x216A,0xEAA5,0xEAA5,0xEAA5,0xEAA5,0xF2A5,0x216A,0x216A,0xEAA5,0xEAA5,0xEAA5,0xEF5D,0xEF5D,0xEF5D,0xEF5D,0xEF5D,0xEF5D,0xEF5D,0xEF5D,0xEF5D,0x2129,0x2169,0xEAA5,0xEAA5,0xEAA5,0x2169,0x216A,0x216A,0xEAA5,0xEAA5,0xEAA5,0xFAC4,0xEF5D,0xEF5D,0xEF5D,0xEF5D,0xEF5D,0xEF5D,0xEF5D,0xEF5D,0xEF5D,0x216A,0x2169,0x214A,0x2169,0x216A,0x216A,0x216A,0x216A,0x294A,0x2149,0x216A,0x2169,0xEF5D,0xEF5D,0xEF5D,0xEF5D,0xEF5D,0xEF5D,0xEF5D,0xEF5D,0x216A,0x216A,0x216A,0x216A,0x216A,0x216A,0x216A,0x216A,0x216A,0x216A,0x216A,0x216A,0x216A,0xEF5D,0xEF5D,0xEF5D,0xEF5D,0xEF5D,0xEF5D,0xEF5D,0xEF5D,0xEF5D,0xEF5D,0xEF5D,0xEF5D,0xEF5D,0xEF5D,0xEF5D,0xEF5D,0xEF5D,0xEF5D,0xEF5D,0xEF5D,0xEF5D,0xEF5D,0xEF5D,0xEF5D,0xEF5D,0xEF5D,0xEF5D,0xEF5D,0xEF5D,0xEF5D,0xEF5D,0xEF5D,0xEF5D,0xEF5D,0xEF5D,0xEF5D,0xEF5D,0xEF5D,0xEF5D,0xEF5D};

// ========== french_bee (20x18) ==========
static const uint16_t PROGMEM logo_frenchbee[] = {0xFFFF,0xFFFF,0xFFFF,0xFFFF,0xFFFF,0xFFFF,0xFFFF,0xFFFD,0x157C,0xFFFE,0xFFFF,0xFFFF,0xFFFF,0xFFFF,0xFFFF,0xFFFF,0xFFFF,0xFFFF,0xFFFF,0xFFFF,0xFFFF,0xFFFF,0xFFFF,0xFFFF,0xFFFF,0xFFFF,0xFFFF,0x057D,0x057D,0x057D,0x057D,0xF7FF,0xFFFF,0xFFFF,0xFFFF,0xFFFF,0xFFFF,0xFFFF,0xFFFF,0xFFFF,0xFFFF,0xFFFF,0xFFFF,0xFFFF,0xFFFF,0xFFFF,0xB6FD,0x057D,0x057D,0x057D,0x057D,0x057C,0x055D,0xFFFF,0xFFFF,0xFFFF,0xFFFF,0xFFFF,0xFFFF,0xFFFF,0xFFFF,0xFFFF,0xFFFF,0xFFFF,0xFFFF,0xFFFF,0x45FD,0x057D,0x057D,0x057D,0x057D,0x057D,0x057D,0x057E,0xFFFF,0xFFFF,0xFFFF,0xFFFF,0xFFFF,0xFFFF,0xFFFF,0xFFFF,0xFFFF,0xFFFF,0xFFFF,0xFFFF,0x767C,0x057D,0x057D,0x057D,0x057D,0x057D,0x057D,0x055D,0xAF5E,0xFFFF,0xFFFF,0xFFFF,0xFFFF,0xFFFF,0xFFFF,0xFFFF,0xFFFF,0xFFFF,0xFFFF,0xFFFF,0xF7FF,0x057D,0x057D,0x057D,0x057D,0x057D,0x057D,0x057D,0x057D,0xFFFF,0xFFFF,0xFFFF,0xFFFF,0xFFFF,0xFFFF,0xFFFF,0xFFFF,0xFFFF,0xFFFF,0xFFFF,0xFFFF,0x057C,0x057D,0x057D,0x057D,0x057D,0x057D,0x057D,0x057E,0xFFFF,0xFFFF,0xFFFF,0xFFFF,0xFFFF,0xFFFF,0xFFFF,0xFFFF,0xFFFF,0xFFFF,0xFFFF,0xFFFF,0x055D,0x057D,0x057D,0x057D,0x057D,0x057D,0x057D,0x45DB,0xFFFF,0xFFFF,0xFFFF,0xFFFF,0xFFFF,0xFFFF,0xFFFF,0xFFFF,0xFFFF,0xFFFF,0xFFFF,0xFFFF,0x3D9B,0x057D,0x057D,0x057D,0x057D,0x057D,0x05BD,0xF7DE,0xFFFF,0xFFFF,0xFFFF,0xFFFF,0xFFFF,0xFFFF,0xFFFF,0xFFFF,0xFFFE,0xFFDE,0xFFDF,0xFFFF,0xF7FF,0x055C,0x057D,0x057D,0x057D,0x055D,0xEFFF,0xFFFF,0xF7FF,0xF7FF,0x665E,0x665E,0x665D,0xFFFF,0xFFFF,0xF7FF,0x1293,0x1A94,0x1294,0x1273,0xFFDF,0x059E,0x057D,0x057D,0x057D,0x973D,0xFFFF,0xF7FF,0x6E5D,0x665E,0x665E,0x6E5E,0xFFBE,0xFFFF,0xFFFE,0x1AB4,0x1294,0x1294,0x1294,0x1294,0x1293,0xEFBE,0x057D,0x057C,0xDFBF,0xFFDF,0x667E,0x665E,0x665E,0x665E,0x665E,0x865C,0xFFFF,0xFFFF,0x1251,0x1294,0x1294,0x1294,0x1294,0x1294,0x1294,0x1A74,0x763E,0xF7DD,0x5E7C,0x6E7E,0x665E,0x665E,0x665E,0x665E,0x667F,0xFFFF,0xFFFF,0xFFFF,0x0A93,0x1294,0x1294,0x1294,0x1294,0x1294,0x1273,0xB65C,0xDF3E,0x667E,0x665E,0x665E,0x665E,0x665E,0x665E,0x665E,0xFFFF,0xFFFF,0xFFFF,0xFFFF,0xF7DF,0x12B3,0x1294,0x1294,0x2AD3,0xFFBE,0xFFFF,0x63D5,0x63F7,0xFFFF,0x6E3D,0x665E,0x665E,0x665E,0x6E5D,0xFFFF,0xFFFF,0xFFFF,0xFFFF,0xFFFF,0xFFFF,0xFFFF,0xFFFF,0xFFFF,0xFFFF,0xFFFF,0x63F6,0x63F7,0x6438,0xFFFF,0xFFFF,0xFFFF,0xFFFF,0xFFFF,0xFFFF,0xFFFF,0xFFFF,0xFFFF,0xFFFF,0xFFFF,0xFFFF,0xFFFF,0xFFFF,0xFFFF,0xFFFF,0x63B5,0x63F7,0x63F7,0xEF9F,0xFFFF,0xFFFF,0xFFFF,0xFFFF,0xFFFF,0xFFFF,0xFFFF,0xFFFF,0xFFFF,0xFFFF,0xFFFF,0xFFFF,0xFFFF,0xFFFF,0xFFFF,0xFFDF,0x63F7,0x6C38,0xFFFF,0xFFFF,0xFFFF,0xFFFF,0xFFFF,0xFFFF,0xFFFF,0xFFFF,0xFFFF,0xFFFF,0xFFFF,0xFFFF};

// ========== air_china (20x20) ==========
static const uint16_t PROGMEM logo_airchina[] = {0xFFFF,0xFFFF,0xFFFF,0xFFFF,0xFFFF,0xFFFF,0xFFFF,0xFFFF,0xFFFF,0xFFFF,0xFFFF,0xFFFF,0xFFFF,0xFFFF,0xFFFF,0xFFFF,0xFFFF,0xFFFF,0xFFFF,0xFFFF,0xFFFF,0xFFFF,0xFFFF,0xFFFF,0xFFFF,0xFFFF,0xFFFF,0xFFFF,0xFFFF,0xFFFF,0xFFFF,0xFFFF,0xFFFF,0xFFFF,0xFFFF,0xFFFF,0xD023,0xFF7E,0xFFFF,0xFFFF,0xFFFF,0xFFFF,0xFFFF,0xFFFF,0xFFFF,0xFFFF,0xFFFF,0xFFFF,0xFFFF,0xFFFF,0xFE9B,0xE004,0xE003,0xD803,0xE003,0xD803,0xE004,0xFFFF,0xFFFF,0xFFFF,0xFFFF,0xFFFF,0xFFFF,0xFFFF,0xFFFF,0xFFFF,0xFFFF,0xFFFF,0xFFFF,0xD803,0xD803,0xD803,0xD803,0xD803,0xD804,0xE32E,0xFE5A,0xFFFF,0xFFFF,0xFFFF,0xFFFF,0xFFFF,0xFFFF,0xFFFF,0xFFFF,0xFFFF,0xFFFF,0xFFFF,0xD803,0xD803,0xD803,0xFFDF,0xFFFF,0xFF9E,0xB803,0xE003,0xE024,0xFFFF,0xFFFF,0xFFFF,0xFFFF,0xFFFF,0xFFFF,0xFFFF,0xFFFF,0xFFDE,0xFFFF,0xD803,0xD803,0xD803,0xF7FF,0xD803,0xD803,0xD803,0xE004,0xD803,0xFFFF,0xFFFF,0xFFFF,0xFFFF,0xFFFF,0xFFFF,0xFFFF,0xD1EA,0xC844,0xC127,0xFF3D,0xD803,0xD803,0xFFFF,0xD804,0xE003,0xE004,0xFFFF,0xFFDF,0xFFFF,0xFFFF,0xFFFF,0xFFFF,0xFFFF,0xFFFF,0xFFFF,0xD1EB,0xD804,0xFFBE,0xFFFF,0xD803,0xD803,0xC107,0xD844,0xD803,0xFFFF,0xFFFF,0xFFFF,0xFFFF,0xFFFF,0xFFFF,0xFFFF,0xFFFF,0xFFFF,0xFFFF,0xFFFF,0xFFDF,0xD803,0xC188,0xFFFF,0xD803,0xD803,0xFFFF,0xD803,0xD803,0xFFFF,0xD803,0xD803,0xD803,0xFFDF,0xFFFF,0xFFFF,0xFFFF,0xFFFF,0xFFFF,0xFFFF,0xFFDF,0xD803,0xC188,0xFFFF,0xD803,0xD803,0xFFDF,0xD803,0xD803,0xC989,0xD803,0xD803,0xD803,0xD803,0xFFFF,0xFFFF,0xFFFF,0xFFFF,0xFFFF,0xFFFF,0xFFDF,0xD803,0xC188,0xFFFF,0xD803,0xD803,0xFFFF,0xD803,0xD803,0xD803,0xD803,0xFFFF,0xE003,0xD803,0xFFFF,0xFFFF,0xFFFF,0xFFFF,0xFFFF,0xFFFF,0xFFDF,0xD803,0xC188,0xFFFF,0xD803,0xD803,0xFFFF,0xD803,0xD803,0xD803,0xD803,0xDBD0,0xD803,0xD803,0xFFFF,0xFFFF,0xFFFF,0xFFFF,0xFFFF,0xFFFF,0xFFDF,0xD803,0xC188,0xFFFF,0xD803,0xD803,0xFFFF,0xD803,0xD803,0xD803,0xD803,0xFFFF,0xFFDF,0xFFFF,0xFFFF,0xFFFF,0xFFFF,0xFFFF,0xFFFF,0xFFFF,0xFFFF,0xD803,0xE003,0xFFFF,0xD803,0xD803,0xFFDF,0xD803,0xD803,0xD803,0xD803,0xFFFF,0xFFFF,0xFFFF,0xFFFF,0xFFFF,0xFFFF,0xFFFF,0xFFFF,0xFFFF,0xFFFF,0xD803,0xD803,0xD803,0xD803,0xE004,0xFE7A,0xD803,0xD804,0xD803,0xE024,0xFFFF,0xFFFF,0xFFFF,0xFFFF,0xFFFF,0xFFFF,0xFFFF,0xFFFF,0xFFFF,0xFFFF,0xFFFF,0xD803,0xE004,0xE003,0xF7BE,0xE003,0xD803,0xFFFF,0xD803,0xFF3D,0xFFFF,0xFFFF,0xFFFF,0xFFFF,0xFFFF,0xFFFF,0xFFFF,0xFFFF,0xFFFF,0xFFFF,0xFFFF,0xE004,0xFC73,0xE003,0xD803,0xD803,0xC064,0xD804,0xD023,0xFFFF,0xFFFF,0xFFFF,0xFFFF,0xFFFF,0xFFFF,0xFFFF,0xFFFF,0xFFFF,0xFFFF,0xFFFF,0xFFFF,0xFFFF,0xD024,0xD803,0xE003,0xFFDF,0xE004,0xE003,0xFFFF,0xFFFF,0xFFFF,0xFFFF,0xFFFF,0xFFFF,0xFFFF,0xFFFF,0xFFFF,0xFFFF,0xFFFF,0xFFFF,0xFFFF,0xFFFF,0xFFFF,0xD26B,0xD803,0xD003,0xF7FF,0xFFFF,0xFFFF,0xFFFF,0xFFFF,0xFFFF,0xFFFF,0xFFFF,0xFFFF,0xFFFF,0xFFFF,0xFFFF,0xFFFF,0xFFFF,0xFFFF,0xFFFF,0xFFFF,0xFFFF,0xFFFF,0xFFFF,0xFFFF,0xFFFF,0xFFFF,0xFFFF,0xFFFF,0xFFFF,0xFFFF,0xFFFF,0xFFFF,0xFFFF,0xFFFF};

// ========== china_eastern (20x20) ==========
static const uint16_t PROGMEM logo_chinaeast[] = {0xFFFF,0xFFFF,0xFFFF,0xFFFF,0xFFFF,0xFFFF,0xFFFF,0xFFFF,0xFFFF,0xFFFF,0xFFFF,0xFFFF,0xFFFF,0xFFFF,0xFFFF,0xFFFF,0xFFFF,0xFFFF,0xFFFF,0xFFFF,0xFFFF,0xFFFF,0xFFFF,0xFFFF,0xFFFF,0xFFFF,0xFFFF,0xFFFF,0xFFFF,0xFFFF,0xFFFF,0xFFFF,0xFFFF,0xFFFF,0xFFFF,0xFFFF,0xFFFF,0xFFFF,0xFFFF,0xFFFF,0xFFFF,0xFFFF,0xFFFF,0xFFFF,0xFFFF,0xFFFF,0xFFFF,0xFFFF,0xFFFF,0xFFFF,0xFFFF,0xFFFF,0xFFFF,0xFFFF,0xFFFF,0xFFFF,0xFFFF,0xFFFF,0xFFFF,0xFFFF,0xFFFF,0xFFFF,0xFFFF,0xFFFF,0xFFFF,0xFFFF,0xFFFF,0xFFFF,0xFFFF,0xFFFF,0xFFFF,0xFFFF,0xFFFF,0xFFFF,0xFFFF,0xFFFF,0xFFFF,0xFFFF,0xFFFF,0xFFFF,0xFFFF,0xFFFF,0xFFFF,0xFFFF,0xFFFF,0xFFFF,0xFFFF,0xFFFF,0xF7FF,0xD802,0xD802,0xD802,0xD802,0xD802,0xD802,0xD802,0xFFFF,0xFFFF,0xFFFF,0xFFFF,0xFFFF,0xFFFF,0xFFFF,0xFFFF,0xFFFF,0xFFFF,0xFFFF,0xFFFF,0xD802,0xD802,0xD802,0xD802,0xD802,0xD8C3,0xFFFF,0xFFFF,0xFFFF,0xFFFF,0xFFFF,0xFFFF,0xFFFF,0xFFFF,0xFFFF,0xFFFF,0xFFFF,0xFFFF,0xFFFF,0xD802,0xD802,0xD802,0xD802,0xD801,0xFFFF,0xFFFF,0xFFFF,0xFFFF,0xFFFF,0xFFFF,0xFFFF,0xFFFF,0xFFFF,0xFFFF,0xFFFF,0xFFFF,0xFFFF,0xFFFF,0xD801,0xD802,0xD802,0xD802,0xFFFF,0xFFFF,0xFFFF,0xFFFF,0xFFFF,0xFFFF,0xFFFF,0xFFFF,0xFFFF,0xFFFF,0xFFFF,0xFFFF,0xFFFF,0xFFFF,0xFFFF,0xFFDF,0xD802,0xD802,0xD802,0xFFFF,0xFFFF,0xFFFF,0xFFFF,0xFFFF,0xFFFF,0xFFFF,0xFFFF,0xFFFF,0xFFFF,0xFFFF,0xFFFF,0xFFFF,0xFFFF,0xFFFF,0xFFFF,0xD802,0xD802,0xD802,0xFFFF,0xFFFF,0xFFFF,0x084E,0x18D0,0x18D0,0x18D0,0x2951,0xFFFF,0xFFFF,0xFFFF,0xFFFF,0xFFFF,0xFFFF,0xFFFF,0xD802,0xD802,0xD802,0xD802,0xE002,0x4252,0x18D0,0x18D0,0x18D0,0x8C58,0xFFFF,0xFFFF,0xFFFF,0xFFFF,0xFFFF,0xFFFF,0xFFFF,0xFFFF,0xFFFF,0xFFFF,0xD802,0xD802,0xD802,0xD802,0x18EF,0x18D0,0x18D0,0x18D0,0xFFFF,0xFFFF,0xFFFF,0xFFFF,0xFFFF,0xFFFF,0xFFFF,0xFFFF,0xFFFF,0xFFFF,0xFFFF,0xFFFF,0xFFFF,0xD802,0xD802,0xD802,0x18CF,0x18D0,0x18D0,0xFFFF,0xFFFF,0xFFFF,0xFFFF,0xFFFF,0xFFFF,0xFFFF,0xFFFF,0xFFFF,0xFFFF,0xFFFF,0xFFFF,0xFFFF,0xFFFF,0xE002,0xD802,0xD802,0xE001,0x5293,0x18D0,0x18D0,0xCE3B,0xFFFF,0xFFFF,0xFFFF,0xFFFF,0xFFFF,0xFFFF,0xFFFF,0xFFFF,0xFFFF,0xFFFF,0xFFFF,0xFFFF,0xFFFF,0xD802,0xD802,0xD802,0xFFFF,0xFFFF,0xFFFF,0xFFFF,0x8C38,0x18B0,0xFFFF,0xFFFF,0xFFFF,0xFFFF,0xFFFF,0xFFFF,0xFFFF,0xFFFF,0xFFFF,0xFFFF,0xFFFF,0xFFFF,0xD802,0xD802,0xD802,0xD986,0xFFFF,0xFFFF,0xFFFF,0xFFFF,0xFFFF,0xFFFF,0xFFFF,0xFFFF,0xFFFF,0xFFFF,0xFFFF,0xFFFF,0xFFFF,0xFFFF,0xFFFF,0xFFFF,0xFFFF,0xD800,0xD802,0xD802,0xD802,0xDA28,0xFFFF,0xFFFF,0xFFFF,0xFFFF,0xFFFF,0xFFFF,0xFFFF,0xFFFF,0xFFFF,0xFFFF,0xFFFF,0xFFFF,0xFFFF,0xFFFF,0xFFFF,0xFFFF,0xFFFF,0xFFFF,0xFFFF,0xFFFF,0xFFFF,0xFFFF,0xFFFF,0xFFFF,0xFFFF,0xFFFF,0xFFFF,0xFFFF,0xFFFF,0xFFFF,0xFFFF,0xFFFF,0xFFFF,0xFFFF,0xFFFF,0xFFFF,0xFFFF,0xFFFF,0xFFFF,0xFFFF,0xFFFF,0xFFFF,0xFFFF,0xFFFF,0xFFFF,0xFFFF,0xFFFF,0xFFFF,0xFFFF,0xFFFF,0xFFFF,0xFFFF,0xFFFF,0xFFFF,0xFFFF,0xFFFF,0xFFFF,0xFFFF,0xFFFF,0xFFFF,0xFFFF,0xFFFF,0xFFFF,0xFFFF,0xFFFF,0xFFFF,0xFFFF,0xFFFF};

// ========== china_southern (20x20) ==========
static const uint16_t PROGMEM logo_chinasouth[] = {0x0000,0x0000,0x0000,0x0000,0x0000,0x0000,0x0000,0x0000,0x0000,0x0000,0x0000,0x0000,0x0000,0x0000,0x0000,0x0000,0x0000,0x0000,0x0000,0x0000,0x0000,0x0000,0x0000,0x0000,0x0000,0x0000,0x0000,0x0000,0xE8C5,0xE8C5,0xE8C5,0x0000,0x0000,0x0000,0x0000,0x0000,0x0000,0x0000,0x0000,0x0000,0x0000,0x0000,0x0000,0x0000,0x0000,0xE8C5,0xE8C5,0x0000,0xE8C5,0xE8C5,0xE8C5,0x0000,0xE8C5,0xE8C5,0x0000,0x0000,0x0000,0x0000,0x0000,0x0000,0x0000,0x0000,0x0000,0x0000,0x0000,0xE8C5,0xE8C5,0x0000,0x0000,0xE8C5,0x0000,0x0000,0xE8C5,0xE8C5,0x0000,0x0000,0x0000,0x0000,0x0000,0x0000,0x0000,0x0000,0x0000,0x0000,0x0000,0x0000,0x0000,0x0000,0x0000,0xE8C5,0x0000,0x0000,0x0000,0x0000,0x0000,0x0000,0x0000,0x0000,0x0000,0x0000,0x0000,0x0000,0x0000,0x0000,0x0000,0x0000,0x0000,0x0000,0xE8C5,0xE8C5,0xE8C5,0x0000,0x0000,0x0000,0x0000,0x0000,0x0000,0x0000,0x0000,0x0000,0x0000,0xE8C5,0xE8C5,0xE8C5,0xE8C5,0x0000,0xE8C5,0xE8C5,0x0000,0xE8C5,0x0000,0xE8C5,0xE8C5,0x0000,0xE8C5,0xE8C5,0xE8C5,0xE8C5,0x0000,0x0000,0xE8C5,0xE8C5,0xE8C5,0xE8C5,0xE8C5,0xE8C5,0x0000,0xE8C5,0xE8C5,0xE8C5,0xE8C5,0xE8C5,0x0000,0xE8C5,0xE8C5,0xE8C5,0xE8C5,0xE8C5,0xE8C5,0x0000,0xE8C5,0xE8C5,0xE8C5,0x0000,0xE8C5,0xE8C5,0x0000,0xE8C5,0xE8C5,0x0000,0xE8C5,0xE8C5,0x0000,0xE8C5,0xE8C5,0x0000,0xE8C5,0xE8C5,0xE8C5,0x0000,0xE8C5,0xE8C5,0xE8C5,0x0000,0x0000,0xE8C5,0xE8C5,0xE8C5,0xE8C5,0x0000,0xE8C5,0xE8C5,0xE8C5,0xE8C5,0x0000,0x0000,0xE8C5,0xE8C5,0xE8C5,0x0000,0x0000,0xE8C5,0x0000,0x0000,0x0000,0xE8C5,0xE8C5,0xE8C5,0xE8C5,0x0000,0xE8C5,0xE8C5,0xE8C5,0xE8C5,0x0000,0x0000,0x0000,0xE8C5,0x0000,0x0000,0x0000,0x0000,0x0000,0x0000,0x0000,0xE8C5,0xE8C5,0xE8C5,0xE8C5,0x0000,0xE8C5,0xE8C5,0xE8C5,0xE8C5,0x0000,0x0000,0x0000,0x0000,0x0000,0x0000,0x0000,0x0000,0x0000,0x0000,0x0000,0xE8C5,0xE8C5,0xE8C5,0xE8C5,0x0000,0xE8C5,0xE8C5,0xE8C5,0xE8C5,0x0000,0x0000,0x0000,0x0000,0x0000,0x0000,0x0000,0x0000,0x0000,0x0000,0x0000,0xE8C5,0xE8C5,0xE8C5,0xE8C5,0x0000,0xE8C5,0xE8C5,0xE8C5,0xE8C5,0x0000,0x0000,0x0000,0x0000,0x0000,0x0000,0x0000,0x0000,0x0000,0x0000,0x0000,0xE8C5,0xE8C5,0xE8C5,0x0000,0xE8C5,0x0000,0xE8C5,0xE8C5,0xE8C5,0x0000,0x0000,0x0000,0x0000,0x0000,0x0000,0x0000,0x0000,0x0000,0x0000,0x0000,0xE8C5,0x0000,0xE8C5,0xE8C5,0xE8C5,0xE8C5,0xE8C5,0x0000,0xE8C5,0x0000,0x0000,0x0000,0x0000,0x0000,0x0000,0x0000,0x0000,0x0000,0x0000,0x0000,0xE8C5,0xE8C5,0x0000,0xE8C5,0xE8C5,0xE8C5,0x0000,0xE8C5,0xE8C5,0x0000,0x0000,0x0000,0x0000,0x0000,0x0000,0x0000,0x0000,0x0000,0x0000,0x0000,0xE8C5,0xE8C5,0xE8C5,0xE8C5,0xE8C5,0xE8C5,0xE8C5,0xE8C5,0xE8C5,0x0000,0x0000,0x0000,0x0000,0x0000,0x0000,0x0000,0x0000,0x0000,0x0000,0x0000,0x0000,0xE8C5,0xE8C5,0xE8C5,0xE8C5,0xE8C5,0xE8C5,0xE8C5,0x0000,0x0000,0x0000,0x0000,0x0000,0x0000,0x0000,0x0000,0x0000,0x0000,0x0000,0x0000,0x0000,0x0000,0xE8C5,0xE8C5,0xE8C5,0xE8C5,0xE8C5,0x0000,0x0000,0x0000,0x0000,0x0000,0x0000,0x0000,0x0000};

// ========== breeze (20x20) ==========
static const uint16_t PROGMEM logo_breeze[] = {0x08C6,0x08C6,0x08C6,0x08C6,0x08C6,0x08C6,0x08C6,0x08C6,0x08C6,0x08C6,0x08C6,0x08C6,0x08C6,0x08C6,0x08C6,0x08C6,0x08C6,0x08C6,0x08C6,0x08C6,0x08C6,0x08C6,0x08C6,0x08C6,0x08C6,0x08C6,0x08C6,0x08C6,0x08C6,0x08C6,0x08C6,0x08C6,0x08C6,0x08C6,0x08C6,0x08C6,0x08C6,0x08C6,0x08C6,0x08C6,0x08C6,0x08C6,0x08C6,0x08C6,0x08C6,0x08C6,0x08C6,0x08C6,0x08C6,0x08C6,0x08C6,0x08C6,0x08C6,0x08C6,0x08C6,0x08C6,0x08C6,0x08C6,0x08C6,0x08C6,0x08C6,0x08C6,0x08C6,0x08C6,0x08C6,0x08C6,0x08C6,0x08C6,0x08C6,0x08C6,0x08C6,0x08C6,0x08C6,0x08C6,0x08C6,0x08C6,0x08C6,0x08C6,0x08C6,0x08C6,0x08C6,0x08C6,0x08C6,0x08C6,0x08C6,0x08C6,0x08C6,0x08C6,0x08C6,0x08C6,0x08C6,0x08C6,0x08C6,0x08C6,0x08C6,0x08C6,0x08C6,0x08C6,0x08C6,0x08C6,0x08C6,0x08C6,0x08C6,0x08C6,0x08C6,0x08C6,0x08C6,0x08C6,0x08C6,0x08C6,0x08C6,0x08C6,0x08C6,0x08C6,0x08E6,0x10E6,0xAE3C,0xAE3C,0x08C6,0x08C6,0x08C6,0x08C6,0x08C6,0x08C6,0x08C6,0x08C6,0x08C6,0x08C6,0x08C6,0x08C6,0x08C6,0x08C6,0x08C6,0x0085,0xA61C,0xAE3D,0xA5FC,0x10E6,0x08C6,0x08C6,0x08C6,0x08C6,0x08C6,0x08C6,0x08C6,0x08C6,0x08C6,0x08C6,0x08C6,0x08C6,0x08C6,0x08C6,0x08C6,0xA61C,0xA63D,0xA5FC,0x0084,0x08C6,0x08C6,0x08C6,0x08C6,0x08C6,0x08C6,0x08C6,0x08C6,0x08C6,0x08C6,0x08C6,0x08C6,0x08C6,0x08C6,0x1106,0xA5FB,0xAE3D,0xAE3D,0x08C6,0x08C6,0x08C6,0x08C6,0x08C6,0x08C6,0x08C6,0x08C6,0x08E6,0x08C6,0x08C6,0x08C6,0x08C6,0x08C6,0x08C6,0x08C5,0xAE3C,0xAE3D,0xA61C,0x08E6,0x08C6,0x08C6,0x08C6,0x08C6,0x08C6,0x08C6,0x08C6,0x1127,0xA63D,0xAE3D,0x08C6,0x08C6,0x08C6,0x08C6,0x08C6,0xAE3D,0xAE3D,0xA5FC,0x08C6,0x08C6,0x08C6,0x08C6,0x08C6,0x08C6,0x08C6,0x08C6,0x08C6,0x08C6,0x2A0B,0xA63D,0xA61C,0x08C6,0x08C6,0x08C6,0xA61C,0xAE3D,0xB67E,0x08E6,0x08C6,0x08C6,0x08C6,0x08C6,0x08C6,0x08C6,0x08C6,0x08C6,0x08C6,0x08C6,0x10E7,0x7C75,0xAE3D,0xAE7D,0x1107,0xAE3D,0xAE3D,0xAE3E,0x0906,0x08E6,0x08C6,0x08C6,0x08C6,0x08C6,0x08C6,0x08C6,0x08C6,0x08C6,0x08C6,0x08C6,0x08C6,0x08C6,0x9DBA,0xAE3D,0xAE3D,0xAE3D,0xA63D,0x08C5,0x08C6,0x08C6,0x08C6,0x08C6,0x08C6,0x08C6,0x08C6,0x08C6,0x08C6,0x08C6,0x08C6,0x08C6,0x08C6,0x08C6,0x1107,0xA61C,0xAE3D,0xAE3D,0x08E6,0x08C6,0x08C6,0x08C6,0x08C6,0x08C6,0x08C6,0x08C6,0x08C6,0x08C6,0x08C6,0x08C6,0x08C6,0x08C6,0x08C6,0x08C6,0x08C6,0x08C6,0xB67D,0x0064,0x08C6,0x08C6,0x08C6,0x08C6,0x08C6,0x08C6,0x08C6,0x08C6,0x08C6,0x08C6,0x08C6,0x08C6,0x08C6,0x08C6,0x08C6,0x08C6,0x08C6,0x08C6,0x08C6,0x08C6,0x08C6,0x08C6,0x08C6,0x08C6,0x08C6,0x08C6,0x08C6,0x08C6,0x08C6,0x08C6,0x08C6,0x08C6,0x08C6,0x08C6,0x08C6,0x08C6,0x08C6,0x08C6,0x08C6,0x08C6,0x08C6,0x08C6,0x08C6,0x08C6,0x08C6,0x08C6,0x08C6,0x08C6,0x08C6,0x08C6,0x08C6,0x08C6,0x08C6,0x08C6,0x08C6,0x08C6,0x08C6,0x08C6,0x08C6,0x08C6,0x08C6,0x08C6,0x08C6,0x08C6,0x08C6,0x08C6,0x08C6,0x08C6,0x08C6,0x08C6,0x08C6,0x08C6,0x08C6,0x08C6,0x08C6,0x08C6,0x08C6,0x08C6,0x08C6,0x08C6,0x08C6,0x08C6,0x08C6,0x08C6,0x08C6,0x08C6,0x08C6,0x08C6,0x08C6,0x08C6,0x08C6};

// ========== sun_country (20x20) ==========
static const uint16_t PROGMEM logo_suncountry[] = {0xFFFF,0xFFFF,0xFFFF,0xFFFF,0xFFFF,0xFFFF,0xFFFF,0xFFFF,0xFFFF,0xF406,0xFFFF,0xFFFF,0xFFFF,0xFFFF,0xFFFF,0xFFFF,0xFFFF,0xFFFF,0xFFFF,0xFFFF,0xFFFF,0xFFFF,0xFFFF,0xFFFF,0xFFFF,0xFFFF,0xFFFF,0xFFFF,0xF406,0xF406,0xFFFE,0xF406,0xFC26,0xFFFF,0xFFFF,0xFFFF,0xFFFF,0xFFFF,0xFFFF,0xFFFF,0xFFFF,0xFFFF,0xFFFF,0xFFFF,0xFFFF,0xFFFF,0xF406,0xF406,0xF406,0xF406,0xFFFF,0xF406,0xF406,0xF406,0xF406,0xF3E6,0xFC04,0xFFFF,0xFFFF,0xFFFF,0xFFFF,0xFFFF,0xFFFF,0xFC05,0xFFFF,0xF406,0xF406,0xF406,0xF406,0xF406,0xFFFF,0xF406,0xF406,0xF406,0xF406,0xF406,0xFFFF,0xFFFF,0xFFFF,0xFFFF,0xFFFF,0xFFFF,0xFFFF,0xF406,0xEBE6,0xFF9C,0xF406,0xF406,0xFFFF,0xF406,0xFFFF,0xF406,0xFFFF,0xF406,0xF406,0xFFFF,0xF406,0xFFFF,0xFFFF,0xFFFF,0xFFFF,0xFFFF,0xFFFF,0xF405,0xF406,0xEDF2,0xFFFF,0xF406,0xFF9B,0xF406,0xF406,0xF406,0xEC06,0xF406,0xFFFF,0xF426,0xF406,0xF406,0xFFFF,0xFFFF,0xFFFF,0xFFFF,0xFFFF,0xF406,0xF406,0xF406,0xFFDD,0xF406,0x0A2F,0x0230,0x0230,0x0230,0x0230,0xF406,0xEC27,0xF406,0xF406,0xF406,0xFFFF,0xFFFF,0xFFFF,0xFFFF,0xF406,0xF406,0xE5D1,0xED91,0xF406,0x0211,0x0230,0xFC05,0xF406,0xF406,0x0230,0xF406,0xF406,0xF696,0xE448,0xF406,0xF405,0xFFFF,0xFFFF,0xFFFF,0xF406,0xF406,0xF406,0xF426,0xF406,0x0230,0x0230,0x0230,0xF424,0xF406,0xFBE6,0xFBE5,0xFFFF,0xF406,0xF406,0xF406,0xF406,0xFFBE,0xFFFF,0xFFFF,0xF406,0xF406,0xF406,0xE428,0xD46B,0x0230,0x0230,0x0230,0x0230,0x0251,0xF406,0xFFFF,0xFFFF,0xFFFF,0xFFFF,0xFFFE,0xFFFE,0xFFFF,0xFFFF,0xFFFF,0xFFFF,0xFFFF,0xFFFE,0xFFFE,0xFFFE,0xF406,0xE3A5,0x0230,0x0230,0x0230,0x022F,0xF405,0xFEF6,0xFC06,0xFC06,0xF406,0xF406,0xFFFF,0xFFFF,0xFFFF,0xF406,0xF406,0xF406,0xF406,0xFFBC,0x0A2F,0xF406,0xF406,0x630D,0x0230,0x0230,0x0230,0xEC27,0xF406,0xF406,0xF406,0xF406,0xFFFF,0xFFFF,0xFFFF,0xF406,0xF406,0xE426,0xFFFE,0xF406,0x0230,0xF406,0xF406,0xF406,0xEC48,0x0230,0x0230,0xFC06,0xFFDD,0xE448,0xF406,0xFC46,0xFFFF,0xFFFF,0xFFFF,0xFFFF,0xF406,0xF406,0xF406,0xF406,0x0231,0x0230,0xFBE6,0xF406,0x0230,0x0230,0xF406,0xFFFF,0xF406,0xF406,0xF406,0xFFFF,0xFFFF,0xFFFF,0xFFFF,0xFFFF,0xF406,0xF406,0xF406,0xFFFF,0xF406,0xF405,0x7B0B,0x120D,0xF406,0xF406,0xF406,0xEC47,0xFFFF,0xF406,0xF406,0xDC8D,0xFFFF,0xFFFF,0xFFFF,0xFFFF,0xFFFF,0xF406,0xFFFF,0xF406,0xF406,0xFFFF,0xF406,0xFFFF,0xFBE6,0xFFFF,0xF406,0xF406,0xF406,0xFFFF,0xF406,0xFFFF,0xFFFF,0xFFFF,0xFFFF,0xFFFF,0xFFFF,0xFFFF,0xFC25,0xF406,0xF406,0xF405,0xF406,0xFFFF,0xF406,0xF406,0xF406,0xF406,0xF406,0xFFFF,0xFFFF,0xFFFF,0xFFFF,0xFFFF,0xFFFF,0xFFFF,0xFFFF,0xF427,0xFC06,0xF406,0xF406,0xF406,0xF406,0xF428,0xF405,0xF406,0xF406,0xFC05,0xFFFF,0xFFFF,0xFFFF,0xFFFF,0xFFFF,0xFFFF,0xFFFF,0xFFFF,0xFFFF,0xFFFF,0xFFFF,0xFFFF,0xFFFF,0xF425,0xF406,0xF426,0xF405,0xF406,0xF7FF,0xFFFF,0xFFFF,0xFFFF,0xFFFF,0xFFFF,0xFFFF,0xFFFF,0xFFFF,0xFFFF,0xFFFF,0xFFFF,0xFFFF,0xFFFF,0xFFFF,0xFFFF,0xFFFF,0xFFFF,0xF425,0xFFFF,0xFFFF,0xFFFF,0xFFFF,0xFFFF,0xFFFF,0xFFFF,0xFFFF}; 

// ========== westjet (20x20) ==========
static const uint16_t PROGMEM logo_westjet[] = {0xFFFF,0xFFFF,0xFFFF,0xFFFF,0xFFFF,0xFFFF,0xFFFF,0xFFFF,0xFFFF,0xFFFF,0xFFFF,0xFFFF,0xFFFF,0xFFFF,0xFFFF,0xFFFF,0xFFFF,0xFFFF,0xFFFF,0xFFFF,0xFFFF,0xFFFF,0xFFFF,0xFFFF,0xFFFF,0xFFFF,0xFFFF,0xFFFF,0xFFFF,0xFFFF,0xFFFF,0xFFFF,0xFFFF,0xFFFF,0xFFFF,0xFFFF,0xFFFF,0xFFFF,0xFFFF,0xFFFF,0xFFFF,0xEF5D,0xFFFF,0xFFFF,0xFFFF,0xFFFF,0xFFFF,0xFFFF,0xFFFF,0xFFFF,0xFFFF,0xFFFF,0xFFFF,0xFFFF,0xFFFF,0xFFFF,0xFFFF,0xFFFF,0xE73C,0xFFFF,0xFFFF,0xFFFF,0xFFFF,0xFFFF,0xFFFF,0xFFFF,0xFFFF,0xFFFF,0xFFFF,0xFFFF,0xFFFF,0xFFFF,0xEFFF,0xFFFF,0xFFFF,0xFFFF,0xFFFF,0xFFFF,0xFFFF,0xFFFF,0xE71C,0xFFFF,0xFFFF,0xFFFF,0xFFFF,0xFFFF,0xFFFF,0xFFFF,0xFFFF,0xFFFF,0xFFFF,0xEFFF,0x0595,0xFFFF,0xFFFF,0xFFFF,0xFFFF,0xFFFF,0xFFFF,0xFFFF,0xFFFF,0xFFFF,0xFFFF,0xFFFF,0xFFFF,0xFFFF,0xFFFF,0xFFFF,0xCF3D,0xF7FF,0xF7DF,0x0554,0x0554,0xFFFF,0xDFDF,0xFFFF,0xFFFF,0xFFFF,0xFFFF,0xD69A,0xFFFF,0xFFFF,0xFFFF,0xFFFF,0xFFFF,0xFFFF,0xFFFF,0xFFFF,0x0573,0x0554,0x0554,0x0554,0x0554,0x0554,0x0554,0xFFFF,0xFFFF,0xFFFF,0xFFFF,0xCE79,0xFFFF,0xFFFF,0xFFFF,0xFFFF,0xFFFF,0xFFFF,0xFFFF,0xFFFF,0x0554,0x0554,0x0554,0x0554,0x0554,0x0554,0xF7FF,0xFFDF,0xFFFF,0xFFFF,0xFFFF,0xCE79,0xFFFF,0xFFFF,0xFFFF,0xA71C,0xF7DE,0x0535,0x0553,0xFFFF,0x0554,0x0554,0x0554,0x0555,0x0D54,0x6EB8,0x0534,0x0575,0xFFFF,0xBF5C,0xDFDE,0xCE79,0xFFFF,0xFFFF,0xFFFF,0x0554,0x0554,0x0554,0x0575,0xEFBF,0x1594,0xF7FF,0xFFDF,0xF7FF,0xF7FF,0x0574,0x0554,0x0554,0x0554,0x1D74,0xFFFF,0xCE79,0xFFFF,0xFFFF,0xE77E,0x0554,0xBF3D,0xFFFF,0xF7FF,0x4BD3,0x09CD,0x01AD,0x01CD,0xFFFF,0x0554,0x0554,0x0554,0x0554,0x0534,0xFFFF,0xFFFF,0xCE79,0xFFFF,0xFFFE,0x01ED,0x01ED,0x01ED,0x01CD,0x01CD,0x01CD,0x01CD,0x01AD,0xFFDF,0x0535,0x0554,0x0554,0x0554,0x0535,0x0D54,0xFFFF,0xFFFF,0xCE79,0xFFFF,0xFFFF,0xF7DF,0x01AD,0x01CD,0x01CD,0x01CD,0x01CD,0x01CD,0xD71D,0x05B5,0x0554,0x0554,0x0554,0x0575,0xFFFF,0xFFFF,0xFFFF,0xFFFF,0xCE79,0xFFFF,0xFFFF,0xFFFF,0xDF5D,0x01CD,0x01CD,0x01CD,0x01CD,0x018F,0x05B4,0x0554,0x0554,0x0555,0xFFFF,0xFFFF,0xFFFF,0xFFFF,0xFFFF,0xFFFF,0xCE79,0xFFFF,0xFFFF,0xFFFF,0xFFDE,0x01CD,0x01CD,0x01CD,0x09EE,0x1DB5,0x0554,0x0554,0x0554,0xFFFF,0xFFFF,0xFFFF,0xFFFF,0xFFFF,0xFFFF,0xFFFF,0xCE79,0xFFFF,0xFFFF,0xFFFF,0xBEBC,0xFFFE,0xFFFF,0xFFFF,0x09ED,0xFFFF,0xFFFF,0xFFFF,0xD7BE,0xFFFF,0xFFFF,0xFFFF,0xFFFF,0xFFFF,0xFFFF,0xFFFF,0xD69A,0xE71C,0xFFFF,0xFFFF,0xFFFF,0xFFFF,0xFFFF,0xA5D9,0xFFFF,0xFFFF,0xFFFF,0xFFFF,0xFFFF,0xFFFF,0xFFFF,0xFFFF,0xFFFF,0xFFFF,0xFFFF,0xFFFF,0xFFFF,0xFFFF,0xFFFF,0xFFFF,0xFFFF,0xFFFF,0xFFFF,0xDF1C,0xFFFF,0xFFFF,0xFFFF,0xFFFF,0xFFFF,0xFFFF,0xFFFF,0xFFFF,0xFFFF,0xFFFF,0xFFFF,0xFFFF,0xFFFF,0xFFFF,0xD6BA,0xFFFF,0xFFFF,0xFFFF,0xFFFF,0xFFFF,0xFFFF,0xFFFF,0xFFFF,0xFFFF,0xFFFF,0xFFFF,0xFFFF,0xFFFF,0xFFFF,0xFFFF,0xFFFF,0xF7BE,0xFFFF,0xFFFF,0xFFFF,0xFFFF,0xFFFF,0xFFFF,0xFFFF,0xFFFF,0xFFFF,0xFFFF,0xFFFF,0xFFFF,0xFFFF,0xFFFF,0xFFFF,0xFFFF,0xFFFF,0xFFFF,0xFFFF,0xFFFF,0xFFFF};

// ========== porter (20x20) ==========
static const uint16_t PROGMEM logo_porter[] = {0x0948,0x0128,0x0148,0x0927,0x0128,0x0128,0x0128,0x0128,0x0128,0x0127,0x0128,0x0128,0x0128,0x0128,0x0128,0x0128,0x0128,0x0148,0x0928,0x0128,0x0128,0x0128,0x0128,0x0128,0x0128,0x0128,0x0128,0x0128,0x0128,0x0128,0x0128,0x0128,0x0128,0x0128,0x0128,0x0128,0x0128,0x0128,0x0128,0x0128,0x0128,0x0128,0x0128,0x0128,0x0128,0x0927,0xFFFF,0xDF5E,0x0128,0xFFFF,0xFFFF,0xFFFF,0xFFFF,0xFFFF,0x0128,0x0128,0x0128,0x0128,0x0128,0x0128,0x0128,0x0128,0x0128,0x0128,0x0128,0xFFFF,0xFFFF,0xFFDF,0xFFFF,0xFFFF,0xFFFF,0xFFFF,0xFFFF,0xFFFF,0xFFFF,0x0128,0x0128,0x0128,0x0128,0x0128,0x0128,0x0128,0x0128,0x0128,0x0128,0xFFFF,0xFFFF,0xFFFF,0xFFFF,0x0128,0x0128,0x0128,0x0128,0xFFFF,0xFFFF,0xFFFF,0x0128,0x0128,0x0128,0x0128,0x0128,0x0148,0x0128,0x0128,0x0128,0xF7DF,0xFFFF,0xFFFF,0x0128,0x0128,0x0128,0x0128,0x0128,0x0128,0xFFFF,0xFFFF,0x0128,0x0128,0x0128,0x0128,0x0128,0x0128,0x0128,0x0128,0x0128,0xF7DF,0xFFFF,0xFFFF,0x0128,0x0128,0x0128,0x0128,0x0128,0x0128,0xFFFF,0xFFFF,0x1168,0x0128,0x0128,0x0128,0x0128,0x0128,0x0128,0x0128,0x0128,0xF7DF,0xFFFF,0xFFFF,0x0128,0x0128,0x0128,0x0128,0x0128,0x0128,0xFFFF,0xFFFF,0xFFFF,0x0128,0x0128,0x0128,0x0128,0x0128,0x0128,0x0128,0x0128,0xF7DF,0xFFFF,0xFFFF,0x0128,0x0128,0x0128,0x0128,0x0128,0x0128,0xFFFF,0xFFFF,0xFFFF,0x0128,0x0128,0x0128,0x0128,0x0128,0x0128,0x0128,0x0128,0xF7DF,0xFFFF,0xFFDF,0x0128,0x0128,0x0128,0x0128,0x0128,0x0128,0xFFFF,0xFFFF,0xFFFF,0x0128,0x0128,0x0128,0x0128,0x0148,0x0128,0x0128,0x0128,0xF7DF,0xFFFF,0xFFFF,0x0128,0x0128,0x0128,0x0128,0x0128,0x0128,0xFFFF,0xFFFF,0x0128,0x0128,0x0128,0x0128,0x0128,0x0128,0x0128,0x0128,0x0128,0xF7DF,0xFFFF,0xFFFF,0x0128,0x0128,0x0128,0x0128,0x0128,0x0128,0xFFFF,0xFFFF,0x0128,0x0128,0x0128,0x0128,0x0128,0x0128,0x0128,0x0128,0x0128,0xF7DF,0xFFFF,0xFFFF,0xFFFF,0x0128,0x0128,0x0128,0x0108,0xFFFF,0xFFFF,0xFFFF,0x0128,0x0128,0x0128,0x0128,0x0128,0x0128,0x0128,0x0128,0x0128,0xF7DF,0xFFFF,0xFFFF,0xFFFF,0xFFFF,0xFFFF,0xFFFF,0xFFFF,0xFFFF,0xFFFF,0x0128,0x0128,0x0128,0x0128,0x0128,0x0128,0x0128,0x0128,0x0128,0x0128,0xF7DF,0xFFFF,0xFFFF,0x0128,0xC67B,0xFFFF,0xFFFF,0xFFFF,0x0107,0x0128,0x0128,0x0128,0x0128,0x0128,0x0128,0x0128,0x0148,0x0128,0x0128,0x0128,0xF7DF,0xFFFF,0xFFDF,0x0128,0x0128,0x0128,0x0128,0x0128,0x0128,0x0128,0x0128,0x0128,0x0128,0x0128,0x0128,0x0128,0x0128,0x0128,0x0128,0x0128,0xF7DF,0xFFFF,0xFFFF,0x0128,0x0128,0x0128,0x0128,0x0128,0x0128,0x0128,0x0128,0x0128,0x0128,0x0128,0x0128,0x0128,0x0128,0x0128,0x0128,0x0128,0xFFFF,0xFFFF,0xFFDF,0x0128,0x0128,0x0128,0x0128,0x0128,0x0128,0x0128,0x0128,0x0128,0x0128,0x0128,0x0128,0x0128,0x0128,0x0128,0x0128,0x0128,0xF7FF,0xFFFF,0xFFFF,0x0128,0x0128,0x0128,0x0128,0x0128,0x0128,0x0128,0x0128,0x0128,0x0128,0x0128,0x0128,0x0128,0x0128,0x0128,0x0128,0x0128,0x0128,0x0128,0x0128,0x0128,0x0128,0x0128,0x0128,0x0128,0x0128,0x0128,0x0128,0x0128,0x0128,0x0128,0x0128};

// ========== finnar (20x20) ==========
static const uint16_t PROGMEM logo_finnair[] = {0xFFFF,0xFFFF,0xFFFF,0xFFFF,0xFFFF,0xFFFF,0xFFFF,0xFFFF,0xF79E,0x3333,0x3333,0xF79E,0xFFFF,0xFFFF,0xFFFF,0xFFFF,0xFFFF,0xFFFF,0xFFFF,0xFFFF,0xFFFF,0xFFFF,0xFFFF,0xFFFF,0xFFFF,0x4357,0x0193,0x0193,0x0193,0x0193,0x0193,0x0193,0x0193,0x0193,0x9DDC,0xFFFF,0xFFFF,0xFFFF,0xFFFF,0xFFFF,0xFFFF,0xFFFF,0xFFFF,0xFFFF,0x0193,0x0193,0x0193,0x0193,0x0193,0x0193,0x0193,0x0193,0x0193,0x0193,0x0193,0x0193,0xFFFF,0xFFFF,0xFFFF,0xFFFF,0xFFFF,0xFFFF,0xFFFF,0x0193,0x0193,0x0193,0x0193,0x0193,0x0193,0x0193,0x0193,0x0193,0x0193,0x0193,0x0193,0x0193,0x0193,0xFFFF,0xFFFF,0xFFFF,0xFFFF,0xFFFF,0x0193,0x0193,0x0193,0x0193,0x0193,0x0193,0x0193,0x0193,0x0193,0x0193,0x0193,0x0193,0x0193,0x0193,0x0193,0x0193,0xFFFF,0xFFFF,0xFFFF,0x0193,0x0193,0x0193,0x0193,0x0193,0x0193,0x0193,0x0193,0x0193,0x0193,0x0193,0x0193,0x0193,0x0193,0x0193,0x0193,0x0193,0x0193,0xFFFF,0xFFFF,0x0193,0x0193,0x0193,0x0193,0x0193,0x0193,0x0193,0x0193,0x0193,0x0193,0x0193,0x0193,0x0193,0x0193,0x0193,0x0193,0x0193,0x0193,0xFFFF,0x0193,0x0193,0x0193,0x0193,0x0193,0x0193,0x0193,0x0193,0x0193,0x0193,0x0193,0x0193,0x0193,0x0193,0xFFFF,0xFFFF,0xFFFF,0xFFFF,0xFFFF,0x0193,0x0193,0x0193,0x0193,0x0193,0x0193,0x0193,0x0193,0x0193,0x0193,0x0193,0x0193,0x0193,0x0193,0x5C18,0xFFFF,0x0193,0x0193,0x0193,0x0193,0x0193,0x0193,0x0193,0x0193,0x0193,0x0193,0x0193,0x0193,0x0193,0x0193,0x0193,0x0193,0x0193,0x0193,0xFFFF,0xFFFF,0xFFFF,0xFFFF,0xFFFF,0x0193,0x0193,0x0193,0xFFFF,0xFFFF,0xFFFF,0xFFFF,0xFFFF,0xFFFF,0xFFFF,0xFFFF,0xFFFF,0xFFFF,0xFFFF,0xFFFF,0xFFFF,0x0193,0x0193,0x0193,0x0193,0x0193,0x0193,0xFFFF,0xFFFF,0xFFFF,0xFFFF,0xFFFF,0xFFFF,0xFFFF,0xFFFF,0xFFFF,0xFFFF,0xFFFF,0xFFFF,0xFFFF,0xBE9D,0x0193,0x0193,0x0193,0x0193,0x0193,0x0193,0x0193,0x0193,0x0193,0x0193,0x0193,0x0193,0x0193,0x0193,0x0193,0x0193,0x0193,0x0193,0x0193,0x0193,0x0193,0x0193,0x0193,0x0193,0x0193,0x0193,0x0193,0x0193,0x0193,0x0193,0x0193,0x0193,0x0193,0x0193,0x0193,0x0193,0x0193,0x0193,0x0193,0x0193,0x0193,0x0193,0x0193,0x0193,0x0193,0x1235,0xFFFF,0x0193,0x0193,0x0193,0x0193,0x0193,0x0193,0x0193,0x0193,0x0193,0x0193,0x0193,0x0193,0x0193,0x0193,0x0193,0x0193,0x0193,0x0193,0xFFFF,0xFFFF,0x0193,0x0193,0x0193,0x0193,0x0193,0x0193,0x0193,0x0193,0x0193,0x0193,0x0193,0x0193,0x0193,0x0193,0x0193,0x0193,0x0193,0x0193,0xFFFF,0xFFFF,0xFFFF,0x0193,0x0193,0x0193,0x0193,0x0193,0x0193,0x0193,0x0193,0x0193,0x0193,0x0193,0x0193,0x0193,0x0193,0x0193,0x0193,0xFFFF,0xFFFF,0xFFFF,0xFFFF,0xFFFF,0x0193,0x0193,0x0193,0x0193,0x0193,0x0193,0x0193,0x0193,0x0193,0x0193,0x0193,0x0193,0x0193,0x0193,0xFFFF,0xFFFF,0xFFFF,0xFFFF,0xFFFF,0xFFFF,0xFFFF,0x0193,0x0193,0x0193,0x0193,0x0193,0x0193,0x0193,0x0193,0x0193,0x0193,0x0193,0x0193,0xFFFF,0xFFFF,0xFFFF,0xFFFF,0xFFFF,0xFFFF,0xFFFF,0xFFFF,0xFFFF,0xE71F,0x0193,0x0193,0x0193,0x0193,0x0193,0x0193,0x0193,0x0193,0xFFFF,0xFFFF,0xFFFF,0xFFFF,0xFFFF,0xFFFF};

// ========== GENERIC AIRPLANE FALLBACK (19x20, 1-bit monochrome) ==========
static const unsigned char PROGMEM logo_generic_plane[] = {
  0x00, 0x00, 0x60, 0x00, 0x00, 0xe0, 0x01, 0x01, 0xc0, 0x52, 0x63, 0x80,
  0xff, 0xff, 0x80, 0x0f, 0xff, 0x00, 0x03, 0xfe, 0x00, 0x00, 0xfe, 0x00,
  0x00, 0x7f, 0x80, 0x00, 0xff, 0x00, 0x01, 0xef, 0x00, 0x03, 0xc7, 0x40,
  0x03, 0x87, 0x80, 0xff, 0x03, 0x00, 0x7e, 0x03, 0x80, 0x0e, 0x01, 0x80,
  0x16, 0x01, 0x80, 0x06, 0x00, 0x80, 0x02, 0x00, 0x80, 0x02, 0x00, 0x00
};

// ========== AIRLINE LOOKUP TABLE ==========
struct Airline {
  const char* prefix;
  const uint16_t* logo;  // nullptr = use generic fallback
  uint8_t w;
  uint8_t h;
  uint8_t xOff;
  uint8_t yOff;
  bool isGeneric;  // true = 1-bit bitmap, false = RGB565
};

Airline* findAirlineLogo(const char* callsign);

Airline airlines[] = {
  // === EXISTING AIRLINES ===
  { "UAL", logo_united, 20, 20, 0, 1, false },
  { "UA", logo_united, 20, 20, 0, 1, false },
  { "DAL", logo_delta, 20, 16, 0, 1, false },
  { "DL", logo_delta, 20, 16, 0, 1, false },
  { "AAL", logo_american, 20, 20, 0, 1, false },
  { "AA", logo_american, 20, 20, 0, 1, false },
  { "SWA", logo_southwest, 19, 18, 1, 1, false },
  { "WN", logo_southwest, 19, 18, 1, 1, false },
  { "ASA", logo_alaska, 19, 18, 0, 1, false },
  { "AS", logo_alaska, 19, 18, 0, 1, false },
  { "DLH", logo_lufthansa, 20, 20, 0, 1, false },
  { "LH", logo_lufthansa, 20, 20, 0, 1, false },

  // === JETBLUE ===
  { "JBU", logo_jetblue, 20, 20, 0, 1, false },
  { "B6", logo_jetblue, 20, 20, 0, 1, false },

  // === AIR CANADA ===
  { "ACA", logo_aircanada, 19, 19, 0, 1, false },
  { "AC", logo_aircanada, 19, 19, 0, 1, false },

  // === SKYWEST (United's #1 regional at SFO) ===
  { "SKW", nullptr, 19, 20, 0, 1, true },
  { "OO", nullptr, 19, 20, 0, 1, true },

  // === SFO MAJOR AIRLINES ===
  { "VIR", logo_virgin, 20, 20, 0, 1, false },
  { "VX", logo_virgin, 20, 20, 0, 1, false },
  { "NKS", logo_spirit, 20, 20, 0, 1, false },
  { "NK", logo_spirit, 20, 20, 0, 1, false },
  { "AWE", logo_allegiant, 20, 10, 0, 1, false },
  { "AAY", logo_allegiant, 20, 10, 0, 1, false },
  { "HAL", logo_hawaiian, 20, 23, 0, 1, false },
  { "HA", logo_hawaiian, 20, 23, 0, 1, false },
  { "TSE", logo_tahiti, 20, 20, 0, 1, false },
  { "TN", logo_tahiti, 20, 20, 0, 1, false },

  // === NEW 2026 SFO ROUTES ===
  { "AVE", logo_avianca, 20, 20, 0, 1, true },  // Avianca (GUA)
  { "AV", logo_avianca, 20, 20, 0, 1, true },
  { "LOT", logo_lot, 19, 19, 0, 1, true },  // LOT Polish (WAW)
  { "LO", logo_lot, 19, 19, 0, 1, true },

  // === INTERNATIONAL SFO ROUTES ===
  { "ANA", logo_ana, 19, 14, 0, 1, false },
  { "NH", logo_ana, 19, 14, 0, 1, false },
  { "JAL", logo_jal, 20, 20, 0, 1, false },
  { "JL", logo_jal, 20, 20, 0, 1, false },
  { "CPA", logo_cathay, 20, 20, 0, 1, false },
  { "CX", logo_cathay, 20, 20, 0, 1, false },
  { "KLM", logo_klm, 20, 20, 0, 1, false },
  { "KL", logo_klm, 20, 20, 0, 1, false },
  { "AFR", logo_france, 20, 14, 0, 1, false },
  { "AF", logo_france, 20, 14, 0, 1, false },
  { "BAW", logo_british, 17, 5, 0, 1, false },
  { "BA", logo_british, 17, 5, 0, 1, false },
  { "UAE", logo_emirates, 16, 19, 0, 1, false },
  { "EK", logo_emirates, 16, 19, 0, 1, false },
  { "QTR", logo_qatar, 20, 20, 0, 1, false },
  { "QR", logo_qatar, 20, 20, 0, 1, false },
  { "SIA", logo_sg, 14, 19, 0, 1, false },
  { "SQ", logo_sg, 14, 19, 0, 1, false },
  { "KAL", logo_korean, 20, 20, 0, 1, false },
  { "KE", logo_korean, 20, 20, 0, 1, false },
  { "AAR", logo_asiana, 20, 20, 0, 1, false },
  { "OZ", logo_asiana, 20, 20, 0, 1, false },
// === QANTAS ===
  { "QFA", logo_qantas, 19, 19, 0, 1, false },  // Qantas (Sydney/Melbourne)
  { "QF", logo_qantas, 19, 19, 0, 1, false },

  // === TRANS-PACIFIC CARRIERS ===
  { "EVA", logo_eva, 20, 15, 0, 1, true },  // EVA Air (TPE)
  { "BR", logo_eva, 20, 15, 0, 1, true },
  { "CAL", logo_china, 20, 16, 0, 1, true },  // China Airlines (TPE)
  { "CI", logo_china, 20, 16, 0, 1, true },
  { "ANZ", logo_anz, 20, 20, 0, 1, true },  // Air New Zealand (AKL)

  // === STARLUX & ADDITIONAL TRANS-PACIFIC ===
  { "JX", logo_starlux, 20, 20, 0, 1, true },   // Starlux Airlines (TPE)
  { "ZG", logo_zipair, 20, 16, 0, 1, true },   // Zipair (NRT)

  // === LATAM & MEXICO ===
  { "AM", logo_mexico, 20, 18, 0, 1, true },   // Aeromexico (MEX)

  // === EUROPEAN CARRIERS ===
  { "DE", logo_condor, 20, 20, 0, 1, true },   // Condor (FRA)

  // === CARGO & OTHERS ===
  { "FDX", logo_fedex, 20, 21, 0, 1, false },
  { "FX", logo_fedex, 20, 21, 0, 1, false },
  { "UPS", logo_ups, 17, 20, 0, 1, false },
  { "5X", logo_ups, 17, 20, 0, 1, false },

  // === ADDITIONAL DOMESTIC ===
  { "FLG", logo_frontier, 20, 20, 0, 1, false },
  { "FFT", logo_frontier, 20, 20, 0, 1, false },
  { "VRD", logo_virgin, 20, 20, 0, 1, false },
  
  // === VIETNAM & SE ASIA ===
  { "HVN", logo_vietnam, 20, 20, 0, 1, false }, // Vietnam Airlines
  { "VN", logo_vietnam, 20, 20, 0, 1, false },
  { "PAL", logo_philippine, 20, 20, 0, 1, false }, // Philippine Airlines
  { "PR", logo_philippine, 20, 20, 0, 1, false },
  { "FJI", logo_fiji, 20, 20, 0, 1, false }, // Fiji Airways
  { "FJ", logo_fiji, 20, 20, 0, 1, false },

// === LATIN AMERICA ===
  { "CMP", logo_copa, 20, 20, 0, 1, false },  // Copa Airlines (Panama City)
  { "CM", logo_copa, 20, 20, 0, 1, false },

  // === INDIA & MIDDLE EAST ===
  { "AIC", logo_airindia, 19, 19, 0, 1, false }, // Air India
  { "AI", logo_airindia, 19, 19, 0, 1, false },
  { "THY", logo_turkish, 20, 20, 0, 1, false }, // Turkish Airlines
  { "TK", logo_turkish, 20, 20, 0, 1, false },

  // === EUROPEAN FLAG CARRIERS ===
  { "SWR", logo_swiss, 20, 20, 0, 1, false }, // Swiss
  { "LX", logo_swiss, 20, 20, 0, 1, false },
  { "SAS", logo_sas, 20, 20, 0, 1, false }, // Scandinavian (SAS)
  { "SK", logo_sas, 20, 20, 0, 1, false },
  { "TAP", logo_tap, 20, 20, 0, 1, false }, // TAP Air Portugal
  { "TP", logo_tap, 20, 20, 0, 1, false },
  { "ITY", logo_ita, 20, 20, 0, 1, false }, // ITA Airways
  { "AZ", logo_ita, 20, 20, 0, 1, false },
  { "FIN", logo_finnair, 20, 20, 0, 1, false }, // Finnair
  { "AY", logo_finnair, 20, 20, 0, 1, false },
  { "EIN", logo_aerlingus, 20, 20, 0, 1, false }, // Aer Lingus
  { "EI", logo_aerlingus, 20, 20, 0, 1, false },

  // === MAINLAND CHINA & KOREA ===
  { "CCA", logo_airchina, 20, 20, 0, 1, false }, 
  { "CA", logo_airchina, 20, 20, 0, 1, false },
  { "CES", logo_chinaeast, 20, 20, 0, 1, false },
  { "MU", logo_chinaeast, 20, 20, 0, 1, false },
  { "CSN", logo_chinasouth, 20, 20, 0, 1, false },
  { "CZ", logo_chinasouth, 20, 20, 0, 1, false },
  { "APZ", logo_airpremia, 20, 20, 0, 1, false }, // Air Premia
  { "YP", logo_airpremia, 20, 20, 0, 1, false },

  // === LCC & REGIONAL ===
  { "FBU", logo_frenchbee, 20, 18, 0, 1, false }, // French bee
  { "BF", logo_frenchbee, 20, 18, 0, 1, false },
  { "MXY", logo_breeze, 20, 20, 0, 1, false }, // Breeze Airways
  { "MX", logo_breeze, 20, 20, 0, 1, false },
  { "SCX", logo_suncountry, 20, 20, 0, 1, false }, // Sun Country
  { "SY", logo_suncountry, 20, 20, 0, 1, false },
  { "WJA", logo_westjet, 20, 20, 0, 1, false }, // WestJet
  { "WS", logo_westjet, 20, 20, 0, 1, false },
  
  { "POE", logo_porter, 20, 20, 0, 1, false }, // Porter Airlines (Toronto/Ottawa)
  { "PD", logo_porter, 20, 20, 0, 1, false },
};

const int NUM_AIRLINES = sizeof(airlines) / sizeof(airlines[0]);

Airline* findAirlineLogo(const char* callsign) {
  for (int i = 0; i < NUM_AIRLINES; i++) {
    int len = strlen(airlines[i].prefix);
    if (strncmp(callsign, airlines[i].prefix, len) == 0 && isdigit((unsigned char)callsign[len])) {
      return &airlines[i];
    }
  }
  return nullptr;
}



// ========== FLIGHT DATA ==========
struct Flight {
  char callsign[16];
  char aircraftType[16];
  char origin[5];
  char destination[5];
  int altitude;
  int speed;
  int heading;
  int verticalRate;
  float distance;
  bool isInternational;
};

Flight currentFlights[10];
int totalFlights = 0;
int currentDisplayFlight = 0;

struct RouteCache {
  char callsign[16];
  char origin[5];
  char destination[5];
  unsigned long timestamp;
  bool valid;
  bool isInternational;
};

#define MAX_CACHE 50
RouteCache routeCache[MAX_CACHE];
int cacheIndex = 0;

// ========== CENTERED TEXT ==========
void printCentered(const char* text, int y, uint16_t color) {
  dma_display->setFont(&Org_01);
  dma_display->setTextWrap(false);
  int16_t x1, y1;
  uint16_t w, h;
  dma_display->getTextBounds(text, 0, 0, &x1, &y1, &w, &h);
  int x = (PANEL_RES_X - (int)w) / 2;
  if (x < 0) x = 0;
  dma_display->setTextColor(color);
  dma_display->setCursor(x, y);
  dma_display->print(text);
}

// ========== SEARCHING ANIMATION ==========
void drawSearching() {
  static unsigned long lastDotTime = 0;
  static int dotCount = 0;
  static bool forceDraw = true;

  if (forceDraw || millis() - lastDotTime > 500) {
    forceDraw = false;
    dotCount = (dotCount + 1) % 4;
    lastDotTime = millis();

    dma_display->fillScreen(COL_BLACK);
    printCentered("Searching", 14, COL_WHITE);

    char dots[5] = "";
    for (int i = 0; i < dotCount; i++) strcat(dots, ".");
    if (dotCount > 0) printCentered(dots, 24, COL_ORANGE);
  }
}

void drawBootStatus(const char* line1, const char* line2) {
  if (!dma_display) return;
  dma_display->fillScreen(COL_BLACK);
  printCentered(line1, line2 ? 12 : 16, COL_ORANGE);
  if (line2) printCentered(line2, 22, COL_WHITE);
}

// ========== HELPERS ==========
float calculateDistance(float lat1, float lon1, float lat2, float lon2) {
  float R = 3959.0;
  float dLat = (lat2 - lat1) * PI / 180.0;
  float dLon = (lon2 - lon1) * PI / 180.0;
  float a = sin(dLat / 2) * sin(dLat / 2) + cos(lat1 * PI / 180.0) * cos(lat2 * PI / 180.0) * sin(dLon / 2) * sin(dLon / 2);
  return R * 2 * atan2(sqrt(a), sqrt(1 - a));
}

const char* getCardinalDirection(int heading) {
  if (heading >= 337 || heading < 23) return "N";
  if (heading >= 23 && heading < 68) return "NE";
  if (heading >= 68 && heading < 113) return "E";
  if (heading >= 113 && heading < 158) return "SE";
  if (heading >= 158 && heading < 203) return "S";
  if (heading >= 203 && heading < 248) return "SW";
  if (heading >= 248 && heading < 293) return "W";
  if (heading >= 293 && heading < 337) return "NW";
  return "N";
}

// ========== HEADING ARROW ==========
void drawHeadingArrow(int cx, int cy, int heading, uint16_t color) {
  if (cx < 3) cx = 3;
  if (cx > PANEL_RES_X - 4) cx = PANEL_RES_X - 4;
  if (cy < 3) cy = 3;
  if (cy > PANEL_RES_Y - 4) cy = PANEL_RES_Y - 4;

  int dir = ((heading + 22) / 45) % 8;

  const int8_t shafts[8][4] = {
    { 0, 2, 0, -2 },
    { -2, 2, 2, -2 },
    { -2, 0, 2, 0 },
    { -2, -2, 2, 2 },
    { 0, -2, 0, 2 },
    { 2, -2, -2, 2 },
    { 2, 0, -2, 0 },
    { 2, 2, -2, -2 },
  };
  const int8_t wings[8][4] = {
    { -1, 1, 1, 1 },
    { 0, 2, -2, 0 },
    { -1, -1, -1, 1 },
    { -2, 0, 0, -2 },
    { -1, -1, 1, -1 },
    { 0, -2, 2, 0 },
    { 1, -1, 1, 1 },
    { 2, 0, 0, 2 },
  };

  int bx = cx + shafts[dir][0], by = cy + shafts[dir][1];
  int tx = cx + shafts[dir][2], ty = cy + shafts[dir][3];

  dma_display->drawLine(bx, by, tx, ty, color);
  dma_display->drawPixel(tx + wings[dir][0], ty + wings[dir][1], color);
  dma_display->drawPixel(tx + wings[dir][2], ty + wings[dir][3], color);
}

// ========== HTTP HELPERS ==========
// TLS needs ~40KB stack + contiguous heap. HUB75 DMA drops free heap hard, so:
//  1) a permanent HTTPS worker with a STATIC 48KB stack (never fails to spawn)
//  2) first flight fetch runs BEFORE the panel starts
static const char* HTTP_UA =
    "Mozilla/5.0 (ESP32; FlightTracker) AppleWebKit/537.36 "
    "(KHTML, like Gecko) Chrome/120.0.0.0 Safari/537.36";

static JsonDocument gAdsbDoc;
static char gFetchUrl[288];
static String* gFetchPayload = nullptr;
static volatile int gFetchResult = 0;   // 0=pending, 1=ok, -1=fail
static volatile int gFetchHttpCode = 0;
enum FetchMode : uint8_t { FETCH_JSON = 0, FETCH_STRING = 1 };
static FetchMode gFetchMode = FETCH_JSON;

static constexpr uint32_t HTTPS_STACK_WORDS = 12288;  // 48KB
static StackType_t gHttpsStack[HTTPS_STACK_WORDS];
static StaticTask_t gHttpsTaskMem;
static TaskHandle_t gHttpsTask = nullptr;
static SemaphoreHandle_t gHttpsGo = nullptr;
static SemaphoreHandle_t gHttpsDone = nullptr;

static void applyPublicDns() {
  WiFi.config(INADDR_NONE, INADDR_NONE, INADDR_NONE,
              IPAddress(8, 8, 8, 8), IPAddress(1, 1, 1, 1));
}

bool ensureWifi() {
  if (WiFi.status() == WL_CONNECTED) return true;
  Serial.println("WiFi lost — reconnecting...");
  WiFi.disconnect(false, false);
  delay(200);
  applyPublicDns();
  WiFi.begin(ssid, password);
  for (int i = 0; i < 30; i++) {
    if (WiFi.status() == WL_CONNECTED) {
      Serial.printf("WiFi reconnected, IP=%s DNS=%s heap=%u\n",
                    WiFi.localIP().toString().c_str(),
                    WiFi.dnsIP().toString().c_str(),
                    ESP.getFreeHeap());
      return true;
    }
    delay(500);
  }
  Serial.println("WiFi reconnect failed");
  return false;
}

static void logNetDiag(const char* host) {
  Serial.printf("Net: IP=%s GW=%s DNS=%s RSSI=%d heap=%u maxAlloc=%u\n",
                WiFi.localIP().toString().c_str(),
                WiFi.gatewayIP().toString().c_str(),
                WiFi.dnsIP().toString().c_str(),
                WiFi.RSSI(),
                ESP.getFreeHeap(),
                ESP.getMaxAllocHeap());
  if (!host || !host[0]) return;
  IPAddress ip;
  if (WiFi.hostByName(host, ip)) {
    Serial.printf("DNS %s -> %s\n", host, ip.toString().c_str());
    WiFiClient plain;
    Serial.printf("Plain TCP :443 ... ");
    if (plain.connect(ip, 443, 8000)) {
      Serial.println("OK");
      plain.stop();
    } else {
      Serial.println("FAIL — campus network may be blocking outbound HTTPS");
    }
  } else {
    Serial.printf("DNS FAILED for %s\n", host);
  }
}

static const char* hostFromUrl(const char* url, char* buf, size_t buflen) {
  buf[0] = '\0';
  const char* p = strstr(url, "://");
  if (!p) return buf;
  p += 3;
  const char* slash = strchr(p, '/');
  size_t n = slash ? (size_t)(slash - p) : strlen(p);
  if (n >= buflen) n = buflen - 1;
  memcpy(buf, p, n);
  buf[n] = '\0';
  char* colon = strchr(buf, ':');
  if (colon) *colon = '\0';
  return buf;
}

static bool httpsWorkOnThisTask() {
  mqttPauseForFetch();

  WiFiClientSecure client;
  client.setInsecure();
  client.setTimeout(20000);

  HTTPClient http;
  http.setConnectTimeout(20000);
  http.setTimeout(30000);
  http.setReuse(false);
  http.setFollowRedirects(HTTPC_STRICT_FOLLOW_REDIRECTS);
  http.setUserAgent(HTTP_UA);
  http.useHTTP10(true);

  bool ok = false;
  do {
    if (!http.begin(client, gFetchUrl)) {
      Serial.println("HTTP begin failed");
      break;
    }
    http.addHeader("Accept", "application/json");
    http.addHeader("Accept-Encoding", "identity");
    http.addHeader("Connection", "close");

    int code = http.GET();
    gFetchHttpCode = code;
    if (code != 200) {
      Serial.printf("HTTP %d (%s)\n", code, HTTPClient::errorToString(code).c_str());
      char host[64];
      logNetDiag(hostFromUrl(gFetchUrl, host, sizeof(host)));
      http.end();
      break;
    }

    String body = http.getString();
    http.end();
    client.stop();
    Serial.printf("HTTP body %u bytes, heap=%u\n", body.length(), ESP.getFreeHeap());
    if (body.length() < 2) {
      Serial.println("Empty HTTP body");
      break;
    }

    if (gFetchMode == FETCH_STRING) {
      if (!gFetchPayload) break;
      *gFetchPayload = body;
      ok = true;
      break;
    }

    gAdsbDoc.clear();
    DeserializationError err = deserializeJson(gAdsbDoc, body);
    body = String();
    if (err) {
      Serial.printf("JSON err: %s heap=%u\n", err.c_str(), ESP.getFreeHeap());
      break;
    }

    size_t nAc = 0;
    if (gAdsbDoc["ac"].is<JsonArray>()) nAc = gAdsbDoc["ac"].as<JsonArray>().size();
    else if (gAdsbDoc["aircraft"].is<JsonArray>()) nAc = gAdsbDoc["aircraft"].as<JsonArray>().size();
    else if (gAdsbDoc["states"].is<JsonArray>()) nAc = gAdsbDoc["states"].as<JsonArray>().size();
    Serial.printf("Parse ok — %u aircraft/states, heap=%u\n", (unsigned)nAc, ESP.getFreeHeap());
    ok = true;
  } while (false);

  mqttResumeAfterFetch();
  return ok;
}

static void httpsWorkerLoop(void*) {
  for (;;) {
    if (xSemaphoreTake(gHttpsGo, portMAX_DELAY) != pdTRUE) continue;
    bool ok = httpsWorkOnThisTask();
    gFetchResult = ok ? 1 : -1;
    xSemaphoreGive(gHttpsDone);
  }
}

void startHttpsWorker() {
  if (gHttpsTask) return;
  gHttpsGo = xSemaphoreCreateBinary();
  gHttpsDone = xSemaphoreCreateBinary();
  gHttpsTask = xTaskCreateStaticPinnedToCore(
      httpsWorkerLoop, "httpsW", HTTPS_STACK_WORDS, nullptr, 1,
      gHttpsStack, &gHttpsTaskMem, 0);
  Serial.printf("HTTPS worker started (static 48KB stack), heap=%u\n", ESP.getFreeHeap());
}

static bool runHttpsJob() {
  if (!gHttpsTask) {
    Serial.println("HTTPS worker missing");
    return false;
  }
  gFetchResult = 0;
  gFetchHttpCode = 0;
  xSemaphoreGive(gHttpsGo);
  if (xSemaphoreTake(gHttpsDone, pdMS_TO_TICKS(45000)) != pdTRUE) {
    Serial.println("https worker timed out");
    return false;
  }
  return gFetchResult == 1;
}

bool httpGet(const String& url, String& payload, int timeoutMs = 15000) {
  (void)timeoutMs;
  if (!ensureWifi()) return false;
  if (url.length() >= sizeof(gFetchUrl)) return false;
  strncpy(gFetchUrl, url.c_str(), sizeof(gFetchUrl) - 1);
  gFetchUrl[sizeof(gFetchUrl) - 1] = '\0';
  gFetchMode = FETCH_STRING;
  gFetchPayload = &payload;
  bool ok = runHttpsJob();
  gFetchPayload = nullptr;
  return ok;
}

bool fetchAdsbJson(const String& url) {
  if (!ensureWifi()) return false;
  if (url.length() >= sizeof(gFetchUrl)) return false;
  strncpy(gFetchUrl, url.c_str(), sizeof(gFetchUrl) - 1);
  gFetchUrl[sizeof(gFetchUrl) - 1] = '\0';
  gFetchMode = FETCH_JSON;
  Serial.printf("Fetch start heap=%u maxAlloc=%u\n", ESP.getFreeHeap(), ESP.getMaxAllocHeap());
  Serial.println(gFetchUrl);
  return runHttpsJob();
}

static int jsonAltitudeFt(JsonVariant ac) {
  if (ac["alt_baro"].is<const char*>()) {
    const char* s = ac["alt_baro"];
    if (!s || strcmp(s, "ground") == 0) return 0;
  } else if (!ac["alt_baro"].isNull()) {
    int a = ac["alt_baro"].as<int>();
    if (a != 0) return a;
  }
  if (!ac["alt_geom"].isNull() && !ac["alt_geom"].is<const char*>()) {
    return ac["alt_geom"].as<int>();
  }
  return 0;
}

// ========== ROUTE LOOKUP ==========
bool getRouteFromADSBDB(const char* callsign, int altitude,
                        char* origin, char* destination, bool* isIntl) {
  *isIntl = false;

  for (int i = 0; i < MAX_CACHE; i++) {
    if (routeCache[i].valid && strcmp(routeCache[i].callsign, callsign) == 0) {
      if (millis() - routeCache[i].timestamp < 3600000UL) {
        strcpy(origin, routeCache[i].origin);
        strcpy(destination, routeCache[i].destination);
        *isIntl = routeCache[i].isInternational;
        return true;
      }
    }
  }

  String payload;
  String url = "https://api.adsbdb.com/v0/callsign/" + String(callsign);
  if (!httpGet(url, payload, 8000)) {
    return false;
  }

  JsonDocument doc;
  if (!deserializeJson(doc, payload) && doc["response"].is<JsonObject>()) {
    JsonObject response = doc["response"];
    if (response.containsKey("flightroute")) {
      JsonObject flightroute = response["flightroute"];

      char tempOrigin[5] = "", tempDest[5] = "";
      bool hasOrigin = false, hasDest = false, isInternational = false;

      if (flightroute.containsKey("origin")) {
        JsonObject o = flightroute["origin"];
        if (o.containsKey("iata_code")) {
          const char* orig = o["iata_code"];
          if (orig && strlen(orig) >= 3) {
            strncpy(tempOrigin, orig, 3);
            tempOrigin[3] = '\0';
            hasOrigin = true;
          }
        }
        if (o.containsKey("country_iso_name")) {
          const char* c = o["country_iso_name"];
          if (c && strcmp(c, "US") != 0) isInternational = true;
        }
      }

      if (flightroute.containsKey("destination")) {
        JsonObject d = flightroute["destination"];
        if (d.containsKey("iata_code")) {
          const char* dest = d["iata_code"];
          if (dest && strlen(dest) >= 3) {
            strncpy(tempDest, dest, 3);
            tempDest[3] = '\0';
            hasDest = true;
          }
        }
        if (d.containsKey("country_iso_name")) {
          const char* c = d["country_iso_name"];
          if (c && strcmp(c, "US") != 0) isInternational = true;
        }
      }

      if (hasOrigin && hasDest) {
        strcpy(origin, tempOrigin);
        strcpy(destination, tempDest);
        *isIntl = isInternational;

        RouteCache* slot = &routeCache[cacheIndex];
        cacheIndex = (cacheIndex + 1) % MAX_CACHE;
        strncpy(slot->callsign, callsign, 15);
        slot->callsign[15] = '\0';
        strncpy(slot->origin, tempOrigin, 3);
        slot->origin[3] = '\0';
        strncpy(slot->destination, tempDest, 3);
        slot->destination[3] = '\0';
        slot->isInternational = isInternational;
        slot->timestamp = millis();
        slot->valid = true;
        return true;
      }
    }
  }

  return false;
}

// ========== FLIGHT FETCH ==========
void getFlights() {
  int apiRadius = SEARCH_RADIUS;
  if (apiRadius > ADSB_API_RADIUS_CAP) apiRadius = ADSB_API_RADIUS_CAP;
  if (apiRadius < 5) apiRadius = 5;

  String lat = String(MY_LAT, 6);
  String lon = String(MY_LON, 6);
  String dist = String(apiRadius);

  String urlLol = "https://api.adsb.lol/v2/lat/" + lat + "/lon/" + lon + "/dist/" + dist;
  String urlFi  = "https://opendata.adsb.fi/api/v2/lat/" + lat + "/lon/" + lon + "/dist/" + dist;

  JsonDocument& doc = gAdsbDoc;

  // adsb.fi first — more reliable from ESP; lol as fallback; OpenSky last.
  bool ok = fetchAdsbJson(urlFi);
  if (!ok) {
    Serial.println("adsb.fi failed — trying adsb.lol...");
    ok = fetchAdsbJson(urlLol);
  }
  if (!ok) {
    Serial.println("adsb.lol failed — trying OpenSky...");
    float dLat = apiRadius / 60.0f;
    float cosLat = cosf(MY_LAT * 0.0174532925f);
    if (cosLat < 0.2f) cosLat = 0.2f;
    float dLon = apiRadius / (60.0f * cosLat);
    String urlOs = "https://opensky-network.org/api/states/all"
                   "?lamin=" + String(MY_LAT - dLat, 4) +
                   "&lomin=" + String(MY_LON - dLon, 4) +
                   "&lamax=" + String(MY_LAT + dLat, 4) +
                   "&lomax=" + String(MY_LON + dLon, 4);
    ok = fetchAdsbJson(urlOs);
    if (!ok) {
      Serial.println("ADSB failed on all providers");
      return;
    }
  }

  // --- Step 2: Parse into lightweight raw structs, then free the doc ---
  struct RawFlight {
    char  callsign[16];
    char  aircraftType[16];
    float lat, lon;
    int   altitude, speed, heading, vertRate;
  };
  RawFlight raw[10];
  int rawCount = 0;

  {
    JsonArray aircraft;
    if (doc["ac"].is<JsonArray>()) {
      aircraft = doc["ac"].as<JsonArray>();
    } else if (doc["aircraft"].is<JsonArray>()) {
      aircraft = doc["aircraft"].as<JsonArray>();
    }

    if (!aircraft.isNull() && aircraft.size() > 0) {
      Serial.printf("Local ADS-B: %u aircraft\n", aircraft.size());
      for (JsonVariant ac : aircraft) {
        if (rawCount >= 10) break;

        String callsign = ac["flight"].as<String>();
        callsign.trim();
        callsign.toUpperCase();
        if (callsign.length() == 0) continue;

        if (!isCommercialCallsign(callsign.c_str())) {
          continue;
        }

        float flat = ac["lat"].as<float>();
        float flon = ac["lon"].as<float>();
        if (flat == 0 && flon == 0) continue;

        int altitude = jsonAltitudeFt(ac);
        if (altitude < MIN_ALTITUDE) continue;

        String aircraftType = ac["t"].as<String>();
        aircraftType.trim();
        aircraftType.toUpperCase();
        if (aircraftType.length() == 0) continue;

        if (isBlockedType(aircraftType.c_str())) continue;

        int speed    = ac["gs"].as<int>();
        int heading  = ac["track"].as<int>();
        int vertRate = ac["baro_rate"].as<int>();
        if (speed <= 0) continue;

        strncpy(raw[rawCount].callsign,     callsign.c_str(),     15); raw[rawCount].callsign[15]     = '\0';
        strncpy(raw[rawCount].aircraftType, aircraftType.c_str(), 15); raw[rawCount].aircraftType[15] = '\0';
        raw[rawCount].lat      = flat;
        raw[rawCount].lon      = flon;
        raw[rawCount].altitude = altitude;
        raw[rawCount].speed    = speed;
        raw[rawCount].heading  = heading;
        raw[rawCount].vertRate = vertRate;
        rawCount++;
      }
    } else if (doc["states"].is<JsonArray>()) {
      // OpenSky: [icao24, callsign, country, time_pos, last, lon, lat, baro_alt_m,
      //           on_ground, velocity_mps, true_track, vert_rate_mps, ...]
      JsonArray states = doc["states"].as<JsonArray>();
      Serial.printf("OpenSky: %u states\n", states.size());
      for (JsonVariant st : states) {
        if (rawCount >= 10) break;
        if (!st.is<JsonArray>()) continue;
        JsonArray row = st.as<JsonArray>();
        if (row.size() < 11) continue;
        if (row[8].as<bool>()) continue;  // on_ground

        String callsign = row[1].as<String>();
        callsign.trim();
        callsign.toUpperCase();
        if (callsign.length() == 0) continue;
        if (!isCommercialCallsign(callsign.c_str())) continue;

        float flon = row[5].as<float>();
        float flat = row[6].as<float>();
        if (flat == 0 && flon == 0) continue;

        float altM = row[7].isNull() ? 0 : row[7].as<float>();
        int altitude = (int)(altM * 3.28084f);
        if (altitude < MIN_ALTITUDE) continue;

        float vel = row[9].isNull() ? 0 : row[9].as<float>();
        int speed = (int)(vel * 1.94384f);  // m/s -> knots
        if (speed <= 0) continue;

        int heading = row[10].isNull() ? 0 : (int)row[10].as<float>();
        float vr = row[11].isNull() ? 0 : row[11].as<float>();
        int vertRate = (int)(vr * 196.85f);  // m/s -> ft/min approx

        strncpy(raw[rawCount].callsign, callsign.c_str(), 15);
        raw[rawCount].callsign[15] = '\0';
        // OpenSky has no type code — use placeholder so display still works
        strncpy(raw[rawCount].aircraftType, "JET", 15);
        raw[rawCount].aircraftType[15] = '\0';
        raw[rawCount].lat      = flat;
        raw[rawCount].lon      = flon;
        raw[rawCount].altitude = altitude;
        raw[rawCount].speed    = speed;
        raw[rawCount].heading  = heading;
        raw[rawCount].vertRate = vertRate;
        rawCount++;
      }
    } else {
      Serial.println("No aircraft in response");
      return;
    }
  }
  doc.clear();
  doc.shrinkToFit();

  Serial.printf("Raw candidates: %d\n", rawCount);
  if (rawCount == 0) {
    Serial.println("No commercial flights found, keeping previous list");
    return;
  }

  // --- Step 3: Route lookups — heap is free of the big JSON doc ---
  Flight tempFlights[10];
  int tempTotal = 0;

  for (int i = 0; i < rawCount; i++) {
    char origin[5] = "", destination[5] = "";
    bool isIntl = false;
    if (ESP.getFreeHeap() > 90000) {
      getRouteFromADSBDB(raw[i].callsign, raw[i].altitude, origin, destination, &isIntl);
    }

    strncpy(tempFlights[tempTotal].callsign,     raw[i].callsign,     15); tempFlights[tempTotal].callsign[15]     = '\0';
    strncpy(tempFlights[tempTotal].aircraftType, raw[i].aircraftType, 15); tempFlights[tempTotal].aircraftType[15] = '\0';
    strncpy(tempFlights[tempTotal].origin,       origin,               4); tempFlights[tempTotal].origin[4]        = '\0';
    strncpy(tempFlights[tempTotal].destination,  destination,          4); tempFlights[tempTotal].destination[4]   = '\0';
    tempFlights[tempTotal].altitude        = raw[i].altitude;
    tempFlights[tempTotal].speed           = raw[i].speed;
    tempFlights[tempTotal].heading         = raw[i].heading;
    tempFlights[tempTotal].verticalRate    = raw[i].vertRate;
    tempFlights[tempTotal].distance        = calculateDistance(MY_LAT, MY_LON, raw[i].lat, raw[i].lon);
    tempFlights[tempTotal].isInternational = isIntl;

    Serial.printf("✈ %s | %s | %dft | %dkt | %d° %s | intl:%d\n",
                  tempFlights[tempTotal].callsign,
                  tempFlights[tempTotal].aircraftType,
                  tempFlights[tempTotal].altitude,
                  tempFlights[tempTotal].speed,
                  tempFlights[tempTotal].heading,
                  getCardinalDirection(tempFlights[tempTotal].heading),
                  tempFlights[tempTotal].isInternational);
    tempTotal++;
    delay(300);
  }

  // --- Step 4: Commit results atomically ---
  if (tempTotal > 0) {
    memcpy(currentFlights, tempFlights, sizeof(Flight) * tempTotal);
    totalFlights = tempTotal;
    if (currentDisplayFlight >= totalFlights) currentDisplayFlight = 0;
    Serial.printf("✅ %d commercial flights ready\n", totalFlights);
  } else {
    Serial.println("⚠️  No commercial flights found, keeping previous list");
  }
}

// ========== DISPLAY ==========
void drawStaticContent(int index) {
  Flight* f = &currentFlights[index];

  if (strlen(f->aircraftType) == 0) {
    drawSearching();
    return;
  }

  dma_display->fillScreen(COL_BLACK);
  dma_display->setTextWrap(false);
  dma_display->setFont(&Org_01);
  dma_display->setTextColor(COL_WHITE);
  dma_display->setCursor(22, 5);
  dma_display->print(f->callsign);
  dma_display->setTextColor(COL_YELLOW);
  dma_display->setCursor(22, 13);
  dma_display->print(f->aircraftType);
  dma_display->setTextColor(COL_ORANGE);
  dma_display->setCursor(22, 21);

bool hasRoute = (strlen(f->origin) > 0 && strlen(f->destination) > 0);
bool hasSFO   = (strcmp(f->origin, "SFO") == 0 || strcmp(f->destination, "SFO") == 0);

if (hasRoute && (f->isInternational || hasSFO)) {
    char routeText[12];
    snprintf(routeText, sizeof(routeText), "%s-%s", f->origin, f->destination);
    dma_display->print(routeText);
} else {
    dma_display->print("Domestic");
}



// --- Logo / Fallback rendering ---
  Airline* airline = findAirlineLogo(f->callsign);
  if (airline && airline->logo != nullptr) {
    // Known airline: RGB565 bitmap
    dma_display->drawRGBBitmap(airline->xOff, airline->yOff,
                               airline->logo, airline->w, airline->h);
  } else {
    // Unknown airline or null logo: generic 1-bit airplane silhouette (19x20, white)
    dma_display->drawBitmap(0, 1,
                            logo_generic_plane,
                            19, 20,
                            COL_WHITE);
  }
}

void drawColoredMetric(const char* label, const char* value, const char* unit) {
  dma_display->fillRect(0, 23, PANEL_RES_X, 9, COL_BLACK);
  dma_display->setFont(&Org_01);
  dma_display->setTextWrap(false);

  int16_t x1, y1;
  uint16_t w, h;

  // Label anchored at x=0
  dma_display->setTextColor(COL_ORANGE);
  dma_display->setCursor(0, 29);
  dma_display->print(label);

  // Value fixed at x=22
  int cursorX = 22;
  dma_display->setTextColor(COL_WHITE);
  dma_display->setCursor(cursorX, 29);
  dma_display->print(value);
  dma_display->getTextBounds(value, 0, 0, &x1, &y1, &w, &h);
  cursorX += (int)w + 3;

  // Unit 3px after value
  dma_display->setTextColor(COL_YELLOW);
  dma_display->setCursor(cursorX, 29);
  dma_display->print(unit);
}

void drawHeadingMetric(int heading) {
  dma_display->fillRect(0, 23, PANEL_RES_X, 9, COL_BLACK);
  dma_display->setFont(&Org_01);
  dma_display->setTextWrap(false);

  char valueStr[8];
  snprintf(valueStr, sizeof(valueStr), "%d", heading);
  const char* cardinal = getCardinalDirection(heading);

  int16_t x1, y1;
  uint16_t w, h;

  // Label anchored at x=0
  dma_display->setTextColor(COL_ORANGE);
  dma_display->setCursor(0, 29);
  dma_display->print("HDG:");

  // Value fixed at x=22
  int cursorX = 22;
  dma_display->setTextColor(COL_WHITE);
  dma_display->setCursor(cursorX, 29);
  dma_display->print(valueStr);
  dma_display->getTextBounds(valueStr, 0, 0, &x1, &y1, &w, &h);
  cursorX += (int)w + 3;

  // Cardinal 3px after value
  dma_display->setTextColor(COL_YELLOW);
  dma_display->setCursor(cursorX, 29);
  dma_display->print(cardinal);
  dma_display->getTextBounds(cardinal, 0, 0, &x1, &y1, &w, &h);
  cursorX += (int)w + 5;

  // Arrow 3px after cardinal
  int arrowX = cursorX;
  if (arrowX > PANEL_RES_X - 7) arrowX = PANEL_RES_X - 7;
  drawHeadingArrow(arrowX, 27, heading, COL_ORANGE);
}




void showMetric(int flightIndex, int metricIndex) {
  Flight* f = &currentFlights[flightIndex];
  char valueBuf[16];

  switch (metricIndex) {
    case 0:
      snprintf(valueBuf, sizeof(valueBuf), "%d", f->altitude);
      drawColoredMetric("ALT:", valueBuf, "ft");
      break;
    case 1:
      snprintf(valueBuf, sizeof(valueBuf), "%d", f->speed);
      drawColoredMetric("SPD:", valueBuf, "kt");
      break;
    case 2:
      drawHeadingMetric(f->heading);
      break;
  }
}

// ========== WIFI ==========
const char* wifiStatusText(wl_status_t status) {
  switch (status) {
    case WL_IDLE_STATUS:     return "IDLE";
    case WL_NO_SSID_AVAIL:   return "NO_SSID (network not found)";
    case WL_SCAN_COMPLETED:  return "SCAN_COMPLETED";
    case WL_CONNECTED:       return "CONNECTED";
    case WL_CONNECT_FAILED:  return "CONNECT_FAILED (bad password/MAC?)";
    case WL_CONNECTION_LOST: return "CONNECTION_LOST";
    case WL_DISCONNECTED:    return "DISCONNECTED";
    default:                 return "UNKNOWN";
  }
}

bool connectWifi() {
  // IMPORTANT: call this BEFORE dma_display->begin().
  // HUB75 I2S DMA started first often makes WiFi scan return 0 networks.
  WiFi.persistent(false);
  WiFi.mode(WIFI_STA);
  WiFi.setSleep(false);
  WiFi.disconnect(true, true);
  delay(500);

  Serial.printf("ESP32 MAC (wifi-keys): %s\n", WiFi.macAddress().c_str());
  Serial.printf("Target SSID: \"%s\"\n", ssid);
  Serial.println("Scanning 2.4GHz networks...");

  // ESP32 classic is 2.4GHz only. iPhone hotspot needs "Maximize Compatibility".
  int n = WiFi.scanNetworks(/*async=*/false, /*hidden=*/true);
  Serial.printf("Scan found %d network(s):\n", n);
  bool found = false;
  for (int i = 0; i < n; i++) {
    String name = WiFi.SSID(i);
    Serial.printf("  [%d] \"%s\"  RSSI=%d  ch=%d\n",
                  i, name.c_str(), WiFi.RSSI(i), WiFi.channel(i));
    if (name == ssid) found = true;
  }
  WiFi.scanDelete();

  if (n <= 0) {
    Serial.println("Radio saw zero APs. Check antenna / board power / Maximize Compatibility on iPhone.");
    return false;
  }
  if (!found) {
    Serial.printf("Target \"%s\" not in list — update ssid/password in sketch to match hotspot or Berkeley-IoT.\n", ssid);
    return false;
  }

  Serial.printf("Connecting to \"%s\"...\n", ssid);
  applyPublicDns();
  WiFi.begin(ssid, password);

  const int maxAttempts = 60;  // ~30s
  for (int attempts = 0; attempts < maxAttempts; attempts++) {
    wl_status_t st = WiFi.status();
    if (st == WL_CONNECTED) {
      Serial.printf("\nWiFi OK  IP=%s  DNS=%s  RSSI=%d\n",
                    WiFi.localIP().toString().c_str(),
                    WiFi.dnsIP().toString().c_str(),
                    WiFi.RSSI());
      return true;
    }
    if (st == WL_CONNECT_FAILED) {
      Serial.printf("\nAuth failed: %s (wrong password?)\n", wifiStatusText(st));
      WiFi.disconnect(true, true);
      delay(500);
      applyPublicDns();
      WiFi.begin(ssid, password);
    }
    Serial.print(".");
    delay(500);
  }

  Serial.printf("\nWiFi FAILED: %s\n", wifiStatusText(WiFi.status()));
  return false;
}

// ========== SETUP ==========
void setup() {
  Serial.begin(115200);
  Serial.setTimeout(50);
  delay(500);

  for (int i = 0; i < MAX_CACHE; i++) routeCache[i].valid = false;

  // WiFi before HUB75 so scans work; panel comes up right after for boot UI.
  bool wifiOk = connectWifi();

  HUB75_I2S_CFG::i2s_pins _pins = {
    R1_PIN, G1_PIN, B1_PIN, R2_PIN, G2_PIN, B2_PIN,
    A_PIN, B_PIN, C_PIN, D_PIN, E_PIN,
    LAT_PIN, OE_PIN, CLK_PIN
  };

  HUB75_I2S_CFG mxconfig(PANEL_RES_X, PANEL_RES_Y, PANEL_CHAIN, _pins);
  dma_display = new MatrixPanel_I2S_DMA(mxconfig);
  dma_display->begin();
  dma_display->setBrightness8(255);
  dma_display->clearScreen();

  COL_ORANGE = dma_display->color565(255, 140, 0);
  COL_YELLOW = dma_display->color565(255, 220, 0);

  if (!wifiOk) {
    drawBootStatus("WiFi Failed", "See Serial");
    for (;;)
      ;
  }

  setupCloudControl();
  drawBootStatus("Connected!", nullptr);
  delay(900);

  startHttpsWorker();
  drawBootStatus("Loading", "flights");
  Serial.println("\n=== First fetch ===");
  getFlights();
  gAdsbDoc.clear();
  gAdsbDoc.shrinkToFit();
  Serial.printf("After first fetch heap=%u flights=%d\n", ESP.getFreeHeap(), totalFlights);
  applyPanelOutput();

  if (totalFlights == 0 && panelShouldShow()) {
    drawBootStatus("Searching", "...");
  }
}

// ========== LOOP ==========
void loop() {
  mqttLoop();

  if (Serial.available()) {
    String cmd = Serial.readStringUntil('\n');
    cmd.trim();
    if (!handleSerialPanelCommand(cmd)) {
      // ignore unknown
    }
  }

  static unsigned long lastFetch = millis();
  static unsigned long metricShownAt = 0;
  static int currentMetric = 0;
  static int lastFlight = -1;

  if (millis() - lastFetch > 10000) {
    Serial.println("\n📡 Fetching...");
    if (totalFlights == 0 && panelShouldShow()) drawBootStatus("Loading", "flights");
    getFlights();
    lastFetch = millis();
    applyPanelOutput();
  }

  // Scheduled / manual off — keep MQTT alive, blank the matrix
  if (!panelShouldShow()) {
    delay(50);
    return;
  }

  if (totalFlights == 0) {
    drawSearching();
    delay(50);
    return;
  }

  if (currentDisplayFlight != lastFlight) {
    currentMetric = 0;
    drawStaticContent(currentDisplayFlight);
    showMetric(currentDisplayFlight, currentMetric);
    metricShownAt = millis();
    lastFlight = currentDisplayFlight;
  }

  if (millis() - metricShownAt >= METRIC_HOLD_MS) {
    currentMetric++;

    if (currentMetric >= NUM_METRICS) {
      currentMetric = 0;
      currentDisplayFlight = (currentDisplayFlight + 1) % totalFlights;
    } else {
      showMetric(currentDisplayFlight, currentMetric);
    }

    metricShownAt = millis();
  }

  delay(50);
}



